-- phpMyAdmin SQL Dump
-- version 5.2.1
-- https://www.phpmyadmin.net/
--
-- Host: 127.0.0.1
-- Generation Time: Dec 14, 2025 at 06:52 AM
-- Server version: 10.4.32-MariaDB
-- PHP Version: 8.2.12

SET SQL_MODE = "NO_AUTO_VALUE_ON_ZERO";
START TRANSACTION;
SET time_zone = "+00:00";


/*!40101 SET @OLD_CHARACTER_SET_CLIENT=@@CHARACTER_SET_CLIENT */;
/*!40101 SET @OLD_CHARACTER_SET_RESULTS=@@CHARACTER_SET_RESULTS */;
/*!40101 SET @OLD_COLLATION_CONNECTION=@@COLLATION_CONNECTION */;
/*!40101 SET NAMES utf8mb4 */;

--
-- Database: `ksc`
--

-- --------------------------------------------------------

--
-- Table structure for table `hari_libur`
--

CREATE TABLE `hari_libur` (
  `id_libur` int(10) UNSIGNED NOT NULL,
  `tanggal` date NOT NULL,
  `keterangan` varchar(255) DEFAULT NULL,
  `status` enum('libur','operasional_khusus') DEFAULT 'libur',
  `created_at` timestamp NOT NULL DEFAULT current_timestamp(),
  `updated_at` timestamp NULL DEFAULT NULL ON UPDATE current_timestamp()
) ENGINE=InnoDB DEFAULT CHARSET=utf8mb4 COLLATE=utf8mb4_general_ci;

--
-- Dumping data for table `hari_libur`
--

INSERT INTO `hari_libur` (`id_libur`, `tanggal`, `keterangan`, `status`, `created_at`, `updated_at`) VALUES
(1, '2024-12-25', 'Hari Natal', 'libur', '2024-12-15 09:00:00', NULL),
(2, '2025-01-01', 'Tahun Baru', 'libur', '2024-12-15 09:00:00', NULL),
(3, '2025-03-03', 'Hari Raya Nyepi', 'libur', '2024-12-15 09:00:00', NULL);

-- --------------------------------------------------------

--
-- Table structure for table `jadwal`
--

CREATE TABLE `jadwal` (
  `id_jadwal` int(10) UNSIGNED NOT NULL,
  `id_lapangan` int(10) UNSIGNED NOT NULL,
  `tanggal` date NOT NULL,
  `jam_mulai` time NOT NULL,
  `jam_selesai` time NOT NULL,
  `harga` decimal(10,2) DEFAULT NULL,
  `status_ketersediaan` enum('tersedia','dibooking','blokir') DEFAULT 'tersedia',
  `created_at` timestamp NOT NULL DEFAULT current_timestamp(),
  `updated_at` timestamp NULL DEFAULT NULL ON UPDATE current_timestamp()
) ENGINE=InnoDB DEFAULT CHARSET=utf8mb4 COLLATE=utf8mb4_general_ci;

--
-- Dumping data for table `jadwal`
--

INSERT INTO `jadwal` (`id_jadwal`, `id_lapangan`, `tanggal`, `jam_mulai`, `jam_selesai`, `harga`, `status_ketersediaan`, `created_at`, `updated_at`) VALUES
(1, 1, '2025-12-14', '08:00:00', '09:00:00', 195000.00, 'dibooking', '2025-12-14 03:03:52', '2025-12-14 03:54:38'),
(2, 1, '2025-12-14', '09:00:00', '10:00:00', 195000.00, 'dibooking', '2025-12-14 03:03:52', '2025-12-14 03:55:58'),
(3, 1, '2025-12-14', '10:00:00', '11:00:00', 195000.00, 'dibooking', '2025-12-14 03:03:52', '2025-12-14 05:46:37'),
(4, 1, '2025-12-14', '11:00:00', '12:00:00', 195000.00, 'dibooking', '2025-12-14 03:03:52', '2025-12-14 05:49:14'),
(5, 1, '2025-12-14', '12:00:00', '13:00:00', 195000.00, 'tersedia', '2025-12-14 03:03:52', NULL),
(6, 1, '2025-12-14', '13:00:00', '14:00:00', 195000.00, 'tersedia', '2025-12-14 03:03:52', NULL),
(7, 1, '2025-12-14', '14:00:00', '15:00:00', 195000.00, 'tersedia', '2025-12-14 03:03:52', NULL),
(8, 1, '2025-12-14', '15:00:00', '16:00:00', 195000.00, 'tersedia', '2025-12-14 03:03:52', NULL),
(9, 1, '2025-12-14', '16:00:00', '17:00:00', 195000.00, 'tersedia', '2025-12-14 03:03:52', NULL),
(10, 1, '2025-12-14', '17:00:00', '18:00:00', 195000.00, 'tersedia', '2025-12-14 03:03:52', NULL),
(11, 1, '2025-12-14', '18:00:00', '19:00:00', 225000.00, 'tersedia', '2025-12-14 03:03:52', NULL),
(12, 1, '2025-12-14', '19:00:00', '20:00:00', 225000.00, 'tersedia', '2025-12-14 03:03:52', NULL),
(13, 1, '2025-12-14', '20:00:00', '21:00:00', 225000.00, 'tersedia', '2025-12-14 03:03:52', NULL),
(14, 1, '2025-12-15', '08:00:00', '09:00:00', 150000.00, 'tersedia', '2025-12-14 03:03:58', NULL),
(15, 1, '2025-12-15', '09:00:00', '10:00:00', 150000.00, 'tersedia', '2025-12-14 03:03:58', NULL),
(16, 1, '2025-12-15', '10:00:00', '11:00:00', 150000.00, 'tersedia', '2025-12-14 03:03:58', NULL),
(17, 1, '2025-12-15', '11:00:00', '12:00:00', 150000.00, 'tersedia', '2025-12-14 03:03:58', NULL),
(18, 1, '2025-12-15', '13:00:00', '14:00:00', 150000.00, 'tersedia', '2025-12-14 03:03:58', NULL),
(19, 1, '2025-12-15', '14:00:00', '15:00:00', 150000.00, 'tersedia', '2025-12-14 03:03:58', NULL),
(20, 1, '2025-12-15', '15:00:00', '16:00:00', 150000.00, 'tersedia', '2025-12-14 03:03:58', NULL),
(21, 1, '2025-12-15', '16:00:00', '17:00:00', 150000.00, 'tersedia', '2025-12-14 03:03:58', NULL),
(22, 1, '2025-12-15', '17:00:00', '18:00:00', 180000.00, 'tersedia', '2025-12-14 03:03:58', NULL),
(23, 1, '2025-12-15', '18:00:00', '19:00:00', 180000.00, 'tersedia', '2025-12-14 03:03:58', NULL),
(24, 1, '2025-12-15', '19:00:00', '20:00:00', 180000.00, 'tersedia', '2025-12-14 03:03:58', NULL),
(25, 1, '2025-12-15', '20:00:00', '21:00:00', 180000.00, 'tersedia', '2025-12-14 03:03:58', NULL),
(26, 4, '2025-12-15', '08:00:00', '09:00:00', 90000.00, 'tersedia', '2025-12-14 03:04:01', NULL),
(27, 4, '2025-12-15', '09:00:00', '10:00:00', 90000.00, 'tersedia', '2025-12-14 03:04:01', NULL),
(28, 4, '2025-12-15', '10:00:00', '11:00:00', 90000.00, 'tersedia', '2025-12-14 03:04:01', NULL),
(29, 4, '2025-12-15', '11:00:00', '12:00:00', 90000.00, 'tersedia', '2025-12-14 03:04:01', NULL),
(30, 4, '2025-12-15', '12:00:00', '13:00:00', 90000.00, 'tersedia', '2025-12-14 03:04:01', NULL),
(31, 4, '2025-12-15', '13:00:00', '14:00:00', 90000.00, 'tersedia', '2025-12-14 03:04:01', NULL),
(32, 4, '2025-12-15', '14:00:00', '15:00:00', 90000.00, 'tersedia', '2025-12-14 03:04:01', NULL),
(33, 4, '2025-12-15', '15:00:00', '16:00:00', 90000.00, 'tersedia', '2025-12-14 03:04:01', NULL),
(34, 4, '2025-12-15', '16:00:00', '17:00:00', 90000.00, 'tersedia', '2025-12-14 03:04:01', NULL),
(35, 4, '2025-12-15', '17:00:00', '18:00:00', 90000.00, 'tersedia', '2025-12-14 03:04:01', NULL),
(36, 4, '2025-12-15', '18:00:00', '19:00:00', 108000.00, 'tersedia', '2025-12-14 03:04:01', NULL),
(37, 4, '2025-12-15', '19:00:00', '20:00:00', 108000.00, 'tersedia', '2025-12-14 03:04:01', NULL),
(38, 4, '2025-12-15', '20:00:00', '21:00:00', 108000.00, 'tersedia', '2025-12-14 03:04:01', NULL),
(39, 1, '2025-12-14', '21:00:00', '22:00:00', 150000.00, 'tersedia', '2025-12-14 05:08:25', NULL),
(40, 2, '2025-12-14', '08:00:00', '09:00:00', 130000.00, 'tersedia', '2025-12-14 05:08:25', NULL),
(41, 2, '2025-12-14', '09:00:00', '10:00:00', 130000.00, 'tersedia', '2025-12-14 05:08:25', NULL),
(42, 2, '2025-12-14', '10:00:00', '11:00:00', 130000.00, 'tersedia', '2025-12-14 05:08:25', NULL),
(43, 2, '2025-12-14', '11:00:00', '12:00:00', 130000.00, 'tersedia', '2025-12-14 05:08:25', NULL),
(44, 2, '2025-12-14', '13:00:00', '14:00:00', 130000.00, 'tersedia', '2025-12-14 05:08:25', NULL),
(45, 2, '2025-12-14', '14:00:00', '15:00:00', 130000.00, 'tersedia', '2025-12-14 05:08:25', NULL),
(46, 2, '2025-12-14', '15:00:00', '16:00:00', 130000.00, 'tersedia', '2025-12-14 05:08:25', NULL),
(47, 2, '2025-12-14', '16:00:00', '17:00:00', 130000.00, 'tersedia', '2025-12-14 05:08:25', NULL),
(48, 2, '2025-12-14', '17:00:00', '18:00:00', 130000.00, 'tersedia', '2025-12-14 05:08:25', NULL),
(49, 2, '2025-12-14', '18:00:00', '19:00:00', 130000.00, 'tersedia', '2025-12-14 05:08:25', NULL),
(50, 2, '2025-12-14', '19:00:00', '20:00:00', 130000.00, 'tersedia', '2025-12-14 05:08:25', NULL),
(51, 2, '2025-12-14', '20:00:00', '21:00:00', 130000.00, 'tersedia', '2025-12-14 05:08:25', NULL),
(52, 2, '2025-12-14', '21:00:00', '22:00:00', 130000.00, 'tersedia', '2025-12-14 05:08:25', NULL),
(53, 3, '2025-12-14', '08:00:00', '09:00:00', 80000.00, 'tersedia', '2025-12-14 05:08:25', NULL),
(54, 3, '2025-12-14', '09:00:00', '10:00:00', 80000.00, 'tersedia', '2025-12-14 05:08:25', NULL),
(55, 3, '2025-12-14', '10:00:00', '11:00:00', 80000.00, 'tersedia', '2025-12-14 05:08:25', NULL),
(56, 3, '2025-12-14', '11:00:00', '12:00:00', 80000.00, 'tersedia', '2025-12-14 05:08:25', NULL),
(57, 3, '2025-12-14', '13:00:00', '14:00:00', 80000.00, 'tersedia', '2025-12-14 05:08:25', NULL),
(58, 3, '2025-12-14', '14:00:00', '15:00:00', 80000.00, 'tersedia', '2025-12-14 05:08:25', NULL),
(59, 3, '2025-12-14', '15:00:00', '16:00:00', 80000.00, 'tersedia', '2025-12-14 05:08:25', NULL),
(60, 3, '2025-12-14', '16:00:00', '17:00:00', 80000.00, 'tersedia', '2025-12-14 05:08:25', NULL),
(61, 3, '2025-12-14', '17:00:00', '18:00:00', 80000.00, 'tersedia', '2025-12-14 05:08:25', NULL),
(62, 3, '2025-12-14', '18:00:00', '19:00:00', 80000.00, 'tersedia', '2025-12-14 05:08:25', NULL),
(63, 3, '2025-12-14', '19:00:00', '20:00:00', 80000.00, 'tersedia', '2025-12-14 05:08:25', NULL),
(64, 3, '2025-12-14', '20:00:00', '21:00:00', 80000.00, 'tersedia', '2025-12-14 05:08:25', NULL),
(65, 3, '2025-12-14', '21:00:00', '22:00:00', 80000.00, 'tersedia', '2025-12-14 05:08:25', NULL),
(66, 4, '2025-12-14', '08:00:00', '09:00:00', 90000.00, 'tersedia', '2025-12-14 05:08:25', NULL),
(67, 4, '2025-12-14', '09:00:00', '10:00:00', 90000.00, 'tersedia', '2025-12-14 05:08:25', NULL),
(68, 4, '2025-12-14', '10:00:00', '11:00:00', 90000.00, 'tersedia', '2025-12-14 05:08:25', NULL),
(69, 4, '2025-12-14', '11:00:00', '12:00:00', 90000.00, 'tersedia', '2025-12-14 05:08:26', NULL),
(70, 4, '2025-12-14', '13:00:00', '14:00:00', 90000.00, 'tersedia', '2025-12-14 05:08:26', NULL),
(71, 4, '2025-12-14', '14:00:00', '15:00:00', 90000.00, 'tersedia', '2025-12-14 05:08:26', NULL),
(72, 4, '2025-12-14', '15:00:00', '16:00:00', 90000.00, 'tersedia', '2025-12-14 05:08:26', NULL),
(73, 4, '2025-12-14', '16:00:00', '17:00:00', 90000.00, 'tersedia', '2025-12-14 05:08:26', NULL),
(74, 4, '2025-12-14', '17:00:00', '18:00:00', 90000.00, 'tersedia', '2025-12-14 05:08:26', NULL),
(75, 4, '2025-12-14', '18:00:00', '19:00:00', 90000.00, 'tersedia', '2025-12-14 05:08:26', NULL),
(76, 4, '2025-12-14', '19:00:00', '20:00:00', 90000.00, 'tersedia', '2025-12-14 05:08:26', NULL),
(77, 4, '2025-12-14', '20:00:00', '21:00:00', 90000.00, 'tersedia', '2025-12-14 05:08:26', NULL),
(78, 4, '2025-12-14', '21:00:00', '22:00:00', 90000.00, 'tersedia', '2025-12-14 05:08:26', NULL),
(79, 5, '2025-12-14', '08:00:00', '09:00:00', 75000.00, 'tersedia', '2025-12-14 05:08:26', NULL),
(80, 5, '2025-12-14', '09:00:00', '10:00:00', 75000.00, 'tersedia', '2025-12-14 05:08:26', NULL),
(81, 5, '2025-12-14', '10:00:00', '11:00:00', 75000.00, 'tersedia', '2025-12-14 05:08:26', NULL),
(82, 5, '2025-12-14', '11:00:00', '12:00:00', 75000.00, 'tersedia', '2025-12-14 05:08:26', NULL),
(83, 5, '2025-12-14', '13:00:00', '14:00:00', 75000.00, 'tersedia', '2025-12-14 05:08:26', NULL),
(84, 5, '2025-12-14', '14:00:00', '15:00:00', 75000.00, 'tersedia', '2025-12-14 05:08:26', NULL),
(85, 5, '2025-12-14', '15:00:00', '16:00:00', 75000.00, 'tersedia', '2025-12-14 05:08:26', NULL),
(86, 5, '2025-12-14', '16:00:00', '17:00:00', 75000.00, 'tersedia', '2025-12-14 05:08:26', NULL),
(87, 5, '2025-12-14', '17:00:00', '18:00:00', 75000.00, 'tersedia', '2025-12-14 05:08:26', NULL),
(88, 5, '2025-12-14', '18:00:00', '19:00:00', 75000.00, 'tersedia', '2025-12-14 05:08:26', NULL),
(89, 5, '2025-12-14', '19:00:00', '20:00:00', 75000.00, 'tersedia', '2025-12-14 05:08:26', NULL),
(90, 5, '2025-12-14', '20:00:00', '21:00:00', 75000.00, 'tersedia', '2025-12-14 05:08:26', NULL),
(91, 5, '2025-12-14', '21:00:00', '22:00:00', 75000.00, 'tersedia', '2025-12-14 05:08:26', NULL),
(92, 6, '2025-12-14', '08:00:00', '09:00:00', 120000.00, 'tersedia', '2025-12-14 05:08:26', NULL),
(93, 6, '2025-12-14', '09:00:00', '10:00:00', 120000.00, 'tersedia', '2025-12-14 05:08:26', NULL),
(94, 6, '2025-12-14', '10:00:00', '11:00:00', 120000.00, 'tersedia', '2025-12-14 05:08:26', NULL),
(95, 6, '2025-12-14', '11:00:00', '12:00:00', 120000.00, 'tersedia', '2025-12-14 05:08:26', NULL),
(96, 6, '2025-12-14', '13:00:00', '14:00:00', 120000.00, 'tersedia', '2025-12-14 05:08:26', NULL),
(97, 6, '2025-12-14', '14:00:00', '15:00:00', 120000.00, 'tersedia', '2025-12-14 05:08:26', NULL),
(98, 6, '2025-12-14', '15:00:00', '16:00:00', 120000.00, 'tersedia', '2025-12-14 05:08:26', NULL),
(99, 6, '2025-12-14', '16:00:00', '17:00:00', 120000.00, 'tersedia', '2025-12-14 05:08:26', NULL),
(100, 6, '2025-12-14', '17:00:00', '18:00:00', 120000.00, 'tersedia', '2025-12-14 05:08:26', NULL),
(101, 6, '2025-12-14', '18:00:00', '19:00:00', 120000.00, 'tersedia', '2025-12-14 05:08:26', NULL),
(102, 6, '2025-12-14', '19:00:00', '20:00:00', 120000.00, 'tersedia', '2025-12-14 05:08:26', NULL),
(103, 6, '2025-12-14', '20:00:00', '21:00:00', 120000.00, 'tersedia', '2025-12-14 05:08:26', NULL),
(104, 6, '2025-12-14', '21:00:00', '22:00:00', 120000.00, 'tersedia', '2025-12-14 05:08:26', NULL),
(105, 7, '2025-12-14', '08:00:00', '09:00:00', 100000.00, 'tersedia', '2025-12-14 05:08:26', NULL),
(106, 7, '2025-12-14', '09:00:00', '10:00:00', 100000.00, 'tersedia', '2025-12-14 05:08:26', NULL),
(107, 7, '2025-12-14', '10:00:00', '11:00:00', 100000.00, 'tersedia', '2025-12-14 05:08:26', NULL),
(108, 7, '2025-12-14', '11:00:00', '12:00:00', 100000.00, 'tersedia', '2025-12-14 05:08:26', NULL),
(109, 7, '2025-12-14', '13:00:00', '14:00:00', 100000.00, 'tersedia', '2025-12-14 05:08:26', NULL),
(110, 7, '2025-12-14', '14:00:00', '15:00:00', 100000.00, 'tersedia', '2025-12-14 05:08:26', NULL),
(111, 7, '2025-12-14', '15:00:00', '16:00:00', 100000.00, 'tersedia', '2025-12-14 05:08:26', NULL),
(112, 7, '2025-12-14', '16:00:00', '17:00:00', 100000.00, 'tersedia', '2025-12-14 05:08:26', NULL),
(113, 7, '2025-12-14', '17:00:00', '18:00:00', 100000.00, 'tersedia', '2025-12-14 05:08:26', NULL),
(114, 7, '2025-12-14', '18:00:00', '19:00:00', 100000.00, 'tersedia', '2025-12-14 05:08:26', NULL),
(115, 7, '2025-12-14', '19:00:00', '20:00:00', 100000.00, 'tersedia', '2025-12-14 05:08:26', NULL),
(116, 7, '2025-12-14', '20:00:00', '21:00:00', 100000.00, 'tersedia', '2025-12-14 05:08:26', NULL),
(117, 7, '2025-12-14', '21:00:00', '22:00:00', 100000.00, 'tersedia', '2025-12-14 05:08:26', NULL),
(118, 8, '2025-12-14', '08:00:00', '09:00:00', 200000.00, 'tersedia', '2025-12-14 05:08:26', NULL),
(119, 8, '2025-12-14', '09:00:00', '10:00:00', 200000.00, 'tersedia', '2025-12-14 05:08:26', NULL),
(120, 8, '2025-12-14', '10:00:00', '11:00:00', 200000.00, 'tersedia', '2025-12-14 05:08:26', NULL),
(121, 8, '2025-12-14', '11:00:00', '12:00:00', 200000.00, 'tersedia', '2025-12-14 05:08:26', NULL),
(122, 8, '2025-12-14', '13:00:00', '14:00:00', 200000.00, 'tersedia', '2025-12-14 05:08:26', NULL),
(123, 8, '2025-12-14', '14:00:00', '15:00:00', 200000.00, 'tersedia', '2025-12-14 05:08:26', NULL),
(124, 8, '2025-12-14', '15:00:00', '16:00:00', 200000.00, 'tersedia', '2025-12-14 05:08:26', NULL),
(125, 8, '2025-12-14', '16:00:00', '17:00:00', 200000.00, 'tersedia', '2025-12-14 05:08:26', NULL),
(126, 8, '2025-12-14', '17:00:00', '18:00:00', 200000.00, 'tersedia', '2025-12-14 05:08:26', NULL),
(127, 8, '2025-12-14', '18:00:00', '19:00:00', 200000.00, 'tersedia', '2025-12-14 05:08:26', NULL),
(128, 8, '2025-12-14', '19:00:00', '20:00:00', 200000.00, 'tersedia', '2025-12-14 05:08:26', NULL),
(129, 8, '2025-12-14', '20:00:00', '21:00:00', 200000.00, 'tersedia', '2025-12-14 05:08:26', NULL),
(130, 8, '2025-12-14', '21:00:00', '22:00:00', 200000.00, 'tersedia', '2025-12-14 05:08:26', NULL),
(131, 9, '2025-12-14', '08:00:00', '09:00:00', 120000.00, 'tersedia', '2025-12-14 05:08:26', NULL),
(132, 9, '2025-12-14', '09:00:00', '10:00:00', 120000.00, 'tersedia', '2025-12-14 05:08:26', NULL),
(133, 9, '2025-12-14', '10:00:00', '11:00:00', 120000.00, 'tersedia', '2025-12-14 05:08:26', NULL),
(134, 9, '2025-12-14', '11:00:00', '12:00:00', 120000.00, 'tersedia', '2025-12-14 05:08:26', NULL),
(135, 9, '2025-12-14', '13:00:00', '14:00:00', 120000.00, 'tersedia', '2025-12-14 05:08:26', NULL),
(136, 9, '2025-12-14', '14:00:00', '15:00:00', 120000.00, 'tersedia', '2025-12-14 05:08:26', NULL),
(137, 9, '2025-12-14', '15:00:00', '16:00:00', 120000.00, 'tersedia', '2025-12-14 05:08:26', NULL),
(138, 9, '2025-12-14', '16:00:00', '17:00:00', 120000.00, 'tersedia', '2025-12-14 05:08:26', NULL),
(139, 9, '2025-12-14', '17:00:00', '18:00:00', 120000.00, 'tersedia', '2025-12-14 05:08:26', NULL),
(140, 9, '2025-12-14', '18:00:00', '19:00:00', 120000.00, 'tersedia', '2025-12-14 05:08:26', NULL),
(141, 9, '2025-12-14', '19:00:00', '20:00:00', 120000.00, 'tersedia', '2025-12-14 05:08:26', NULL),
(142, 9, '2025-12-14', '20:00:00', '21:00:00', 120000.00, 'tersedia', '2025-12-14 05:08:26', NULL),
(143, 9, '2025-12-14', '21:00:00', '22:00:00', 120000.00, 'tersedia', '2025-12-14 05:08:26', NULL),
(144, 10, '2025-12-14', '08:00:00', '09:00:00', 150000.00, 'tersedia', '2025-12-14 05:08:26', NULL),
(145, 10, '2025-12-14', '09:00:00', '10:00:00', 150000.00, 'tersedia', '2025-12-14 05:08:26', NULL),
(146, 10, '2025-12-14', '10:00:00', '11:00:00', 150000.00, 'tersedia', '2025-12-14 05:08:26', NULL),
(147, 10, '2025-12-14', '11:00:00', '12:00:00', 150000.00, 'tersedia', '2025-12-14 05:08:26', NULL),
(148, 10, '2025-12-14', '13:00:00', '14:00:00', 150000.00, 'tersedia', '2025-12-14 05:08:26', NULL),
(149, 10, '2025-12-14', '14:00:00', '15:00:00', 150000.00, 'tersedia', '2025-12-14 05:08:26', NULL),
(150, 10, '2025-12-14', '15:00:00', '16:00:00', 150000.00, 'tersedia', '2025-12-14 05:08:26', NULL),
(151, 10, '2025-12-14', '16:00:00', '17:00:00', 150000.00, 'tersedia', '2025-12-14 05:08:26', NULL),
(152, 10, '2025-12-14', '17:00:00', '18:00:00', 150000.00, 'tersedia', '2025-12-14 05:08:26', NULL),
(153, 10, '2025-12-14', '18:00:00', '19:00:00', 150000.00, 'tersedia', '2025-12-14 05:08:26', NULL),
(154, 10, '2025-12-14', '19:00:00', '20:00:00', 150000.00, 'tersedia', '2025-12-14 05:08:26', NULL),
(155, 10, '2025-12-14', '20:00:00', '21:00:00', 150000.00, 'tersedia', '2025-12-14 05:08:26', NULL),
(156, 10, '2025-12-14', '21:00:00', '22:00:00', 150000.00, 'tersedia', '2025-12-14 05:08:26', NULL),
(157, 1, '2025-12-15', '21:00:00', '22:00:00', 150000.00, 'tersedia', '2025-12-14 05:08:26', NULL),
(158, 2, '2025-12-15', '08:00:00', '09:00:00', 130000.00, 'tersedia', '2025-12-14 05:08:26', NULL),
(159, 2, '2025-12-15', '09:00:00', '10:00:00', 130000.00, 'tersedia', '2025-12-14 05:08:26', NULL),
(160, 2, '2025-12-15', '10:00:00', '11:00:00', 130000.00, 'tersedia', '2025-12-14 05:08:26', NULL),
(161, 2, '2025-12-15', '11:00:00', '12:00:00', 130000.00, 'tersedia', '2025-12-14 05:08:26', NULL),
(162, 2, '2025-12-15', '13:00:00', '14:00:00', 130000.00, 'tersedia', '2025-12-14 05:08:26', NULL),
(163, 2, '2025-12-15', '14:00:00', '15:00:00', 130000.00, 'tersedia', '2025-12-14 05:08:26', NULL),
(164, 2, '2025-12-15', '15:00:00', '16:00:00', 130000.00, 'tersedia', '2025-12-14 05:08:26', NULL),
(165, 2, '2025-12-15', '16:00:00', '17:00:00', 130000.00, 'tersedia', '2025-12-14 05:08:26', NULL),
(166, 2, '2025-12-15', '17:00:00', '18:00:00', 130000.00, 'tersedia', '2025-12-14 05:08:26', NULL),
(167, 2, '2025-12-15', '18:00:00', '19:00:00', 130000.00, 'tersedia', '2025-12-14 05:08:26', NULL),
(168, 2, '2025-12-15', '19:00:00', '20:00:00', 130000.00, 'tersedia', '2025-12-14 05:08:26', NULL),
(169, 2, '2025-12-15', '20:00:00', '21:00:00', 130000.00, 'tersedia', '2025-12-14 05:08:26', NULL),
(170, 2, '2025-12-15', '21:00:00', '22:00:00', 130000.00, 'tersedia', '2025-12-14 05:08:26', NULL),
(171, 3, '2025-12-15', '08:00:00', '09:00:00', 80000.00, 'tersedia', '2025-12-14 05:08:26', NULL),
(172, 3, '2025-12-15', '09:00:00', '10:00:00', 80000.00, 'tersedia', '2025-12-14 05:08:26', NULL),
(173, 3, '2025-12-15', '10:00:00', '11:00:00', 80000.00, 'tersedia', '2025-12-14 05:08:26', NULL),
(174, 3, '2025-12-15', '11:00:00', '12:00:00', 80000.00, 'tersedia', '2025-12-14 05:08:26', NULL),
(175, 3, '2025-12-15', '13:00:00', '14:00:00', 80000.00, 'tersedia', '2025-12-14 05:08:26', NULL),
(176, 3, '2025-12-15', '14:00:00', '15:00:00', 80000.00, 'tersedia', '2025-12-14 05:08:26', NULL),
(177, 3, '2025-12-15', '15:00:00', '16:00:00', 80000.00, 'tersedia', '2025-12-14 05:08:26', NULL),
(178, 3, '2025-12-15', '16:00:00', '17:00:00', 80000.00, 'tersedia', '2025-12-14 05:08:26', NULL),
(179, 3, '2025-12-15', '17:00:00', '18:00:00', 80000.00, 'tersedia', '2025-12-14 05:08:26', NULL),
(180, 3, '2025-12-15', '18:00:00', '19:00:00', 80000.00, 'tersedia', '2025-12-14 05:08:26', NULL),
(181, 3, '2025-12-15', '19:00:00', '20:00:00', 80000.00, 'tersedia', '2025-12-14 05:08:26', NULL),
(182, 3, '2025-12-15', '20:00:00', '21:00:00', 80000.00, 'tersedia', '2025-12-14 05:08:26', NULL),
(183, 3, '2025-12-15', '21:00:00', '22:00:00', 80000.00, 'tersedia', '2025-12-14 05:08:26', NULL),
(184, 4, '2025-12-15', '21:00:00', '22:00:00', 90000.00, 'tersedia', '2025-12-14 05:08:26', NULL),
(185, 5, '2025-12-15', '08:00:00', '09:00:00', 75000.00, 'tersedia', '2025-12-14 05:08:26', NULL),
(186, 5, '2025-12-15', '09:00:00', '10:00:00', 75000.00, 'tersedia', '2025-12-14 05:08:26', NULL),
(187, 5, '2025-12-15', '10:00:00', '11:00:00', 75000.00, 'tersedia', '2025-12-14 05:08:26', NULL),
(188, 5, '2025-12-15', '11:00:00', '12:00:00', 75000.00, 'tersedia', '2025-12-14 05:08:26', NULL),
(189, 5, '2025-12-15', '13:00:00', '14:00:00', 75000.00, 'tersedia', '2025-12-14 05:08:26', NULL),
(190, 5, '2025-12-15', '14:00:00', '15:00:00', 75000.00, 'tersedia', '2025-12-14 05:08:26', NULL),
(191, 5, '2025-12-15', '15:00:00', '16:00:00', 75000.00, 'tersedia', '2025-12-14 05:08:26', NULL),
(192, 5, '2025-12-15', '16:00:00', '17:00:00', 75000.00, 'tersedia', '2025-12-14 05:08:26', NULL),
(193, 5, '2025-12-15', '17:00:00', '18:00:00', 75000.00, 'tersedia', '2025-12-14 05:08:26', NULL),
(194, 5, '2025-12-15', '18:00:00', '19:00:00', 75000.00, 'tersedia', '2025-12-14 05:08:26', NULL),
(195, 5, '2025-12-15', '19:00:00', '20:00:00', 75000.00, 'tersedia', '2025-12-14 05:08:26', NULL),
(196, 5, '2025-12-15', '20:00:00', '21:00:00', 75000.00, 'tersedia', '2025-12-14 05:08:26', NULL),
(197, 5, '2025-12-15', '21:00:00', '22:00:00', 75000.00, 'tersedia', '2025-12-14 05:08:26', NULL),
(198, 6, '2025-12-15', '08:00:00', '09:00:00', 120000.00, 'tersedia', '2025-12-14 05:08:26', NULL),
(199, 6, '2025-12-15', '09:00:00', '10:00:00', 120000.00, 'tersedia', '2025-12-14 05:08:26', NULL),
(200, 6, '2025-12-15', '10:00:00', '11:00:00', 120000.00, 'tersedia', '2025-12-14 05:08:26', NULL),
(201, 6, '2025-12-15', '11:00:00', '12:00:00', 120000.00, 'tersedia', '2025-12-14 05:08:26', NULL),
(202, 6, '2025-12-15', '13:00:00', '14:00:00', 120000.00, 'tersedia', '2025-12-14 05:08:26', NULL),
(203, 6, '2025-12-15', '14:00:00', '15:00:00', 120000.00, 'tersedia', '2025-12-14 05:08:26', NULL),
(204, 6, '2025-12-15', '15:00:00', '16:00:00', 120000.00, 'tersedia', '2025-12-14 05:08:26', NULL),
(205, 6, '2025-12-15', '16:00:00', '17:00:00', 120000.00, 'tersedia', '2025-12-14 05:08:26', NULL),
(206, 6, '2025-12-15', '17:00:00', '18:00:00', 120000.00, 'tersedia', '2025-12-14 05:08:26', NULL),
(207, 6, '2025-12-15', '18:00:00', '19:00:00', 120000.00, 'tersedia', '2025-12-14 05:08:26', NULL),
(208, 6, '2025-12-15', '19:00:00', '20:00:00', 120000.00, 'tersedia', '2025-12-14 05:08:26', NULL),
(209, 6, '2025-12-15', '20:00:00', '21:00:00', 120000.00, 'tersedia', '2025-12-14 05:08:26', NULL),
(210, 6, '2025-12-15', '21:00:00', '22:00:00', 120000.00, 'tersedia', '2025-12-14 05:08:26', NULL),
(211, 7, '2025-12-15', '08:00:00', '09:00:00', 100000.00, 'tersedia', '2025-12-14 05:08:26', NULL),
(212, 7, '2025-12-15', '09:00:00', '10:00:00', 100000.00, 'tersedia', '2025-12-14 05:08:26', NULL),
(213, 7, '2025-12-15', '10:00:00', '11:00:00', 100000.00, 'tersedia', '2025-12-14 05:08:26', NULL),
(214, 7, '2025-12-15', '11:00:00', '12:00:00', 100000.00, 'tersedia', '2025-12-14 05:08:26', NULL),
(215, 7, '2025-12-15', '13:00:00', '14:00:00', 100000.00, 'tersedia', '2025-12-14 05:08:26', NULL),
(216, 7, '2025-12-15', '14:00:00', '15:00:00', 100000.00, 'tersedia', '2025-12-14 05:08:26', NULL),
(217, 7, '2025-12-15', '15:00:00', '16:00:00', 100000.00, 'tersedia', '2025-12-14 05:08:26', NULL),
(218, 7, '2025-12-15', '16:00:00', '17:00:00', 100000.00, 'tersedia', '2025-12-14 05:08:26', NULL),
(219, 7, '2025-12-15', '17:00:00', '18:00:00', 100000.00, 'tersedia', '2025-12-14 05:08:26', NULL),
(220, 7, '2025-12-15', '18:00:00', '19:00:00', 100000.00, 'tersedia', '2025-12-14 05:08:26', NULL),
(221, 7, '2025-12-15', '19:00:00', '20:00:00', 100000.00, 'tersedia', '2025-12-14 05:08:26', NULL),
(222, 7, '2025-12-15', '20:00:00', '21:00:00', 100000.00, 'tersedia', '2025-12-14 05:08:26', NULL),
(223, 7, '2025-12-15', '21:00:00', '22:00:00', 100000.00, 'tersedia', '2025-12-14 05:08:26', NULL),
(224, 8, '2025-12-15', '08:00:00', '09:00:00', 200000.00, 'tersedia', '2025-12-14 05:08:26', NULL),
(225, 8, '2025-12-15', '09:00:00', '10:00:00', 200000.00, 'tersedia', '2025-12-14 05:08:26', NULL),
(226, 8, '2025-12-15', '10:00:00', '11:00:00', 200000.00, 'tersedia', '2025-12-14 05:08:26', NULL),
(227, 8, '2025-12-15', '11:00:00', '12:00:00', 200000.00, 'tersedia', '2025-12-14 05:08:26', NULL),
(228, 8, '2025-12-15', '13:00:00', '14:00:00', 200000.00, 'tersedia', '2025-12-14 05:08:26', NULL),
(229, 8, '2025-12-15', '14:00:00', '15:00:00', 200000.00, 'tersedia', '2025-12-14 05:08:26', NULL),
(230, 8, '2025-12-15', '15:00:00', '16:00:00', 200000.00, 'tersedia', '2025-12-14 05:08:26', NULL),
(231, 8, '2025-12-15', '16:00:00', '17:00:00', 200000.00, 'tersedia', '2025-12-14 05:08:26', NULL),
(232, 8, '2025-12-15', '17:00:00', '18:00:00', 200000.00, 'tersedia', '2025-12-14 05:08:26', NULL),
(233, 8, '2025-12-15', '18:00:00', '19:00:00', 200000.00, 'tersedia', '2025-12-14 05:08:26', NULL),
(234, 8, '2025-12-15', '19:00:00', '20:00:00', 200000.00, 'tersedia', '2025-12-14 05:08:26', NULL),
(235, 8, '2025-12-15', '20:00:00', '21:00:00', 200000.00, 'tersedia', '2025-12-14 05:08:26', NULL),
(236, 8, '2025-12-15', '21:00:00', '22:00:00', 200000.00, 'tersedia', '2025-12-14 05:08:26', NULL),
(237, 9, '2025-12-15', '08:00:00', '09:00:00', 120000.00, 'tersedia', '2025-12-14 05:08:26', NULL),
(238, 9, '2025-12-15', '09:00:00', '10:00:00', 120000.00, 'tersedia', '2025-12-14 05:08:26', NULL),
(239, 9, '2025-12-15', '10:00:00', '11:00:00', 120000.00, 'tersedia', '2025-12-14 05:08:26', NULL),
(240, 9, '2025-12-15', '11:00:00', '12:00:00', 120000.00, 'tersedia', '2025-12-14 05:08:26', NULL),
(241, 9, '2025-12-15', '13:00:00', '14:00:00', 120000.00, 'tersedia', '2025-12-14 05:08:26', NULL),
(242, 9, '2025-12-15', '14:00:00', '15:00:00', 120000.00, 'tersedia', '2025-12-14 05:08:26', NULL),
(243, 9, '2025-12-15', '15:00:00', '16:00:00', 120000.00, 'tersedia', '2025-12-14 05:08:26', NULL),
(244, 9, '2025-12-15', '16:00:00', '17:00:00', 120000.00, 'tersedia', '2025-12-14 05:08:26', NULL),
(245, 9, '2025-12-15', '17:00:00', '18:00:00', 120000.00, 'tersedia', '2025-12-14 05:08:26', NULL),
(246, 9, '2025-12-15', '18:00:00', '19:00:00', 120000.00, 'tersedia', '2025-12-14 05:08:26', NULL),
(247, 9, '2025-12-15', '19:00:00', '20:00:00', 120000.00, 'tersedia', '2025-12-14 05:08:26', NULL),
(248, 9, '2025-12-15', '20:00:00', '21:00:00', 120000.00, 'tersedia', '2025-12-14 05:08:26', NULL),
(249, 9, '2025-12-15', '21:00:00', '22:00:00', 120000.00, 'tersedia', '2025-12-14 05:08:26', NULL),
(250, 10, '2025-12-15', '08:00:00', '09:00:00', 150000.00, 'tersedia', '2025-12-14 05:08:26', NULL),
(251, 10, '2025-12-15', '09:00:00', '10:00:00', 150000.00, 'tersedia', '2025-12-14 05:08:26', NULL),
(252, 10, '2025-12-15', '10:00:00', '11:00:00', 150000.00, 'tersedia', '2025-12-14 05:08:26', NULL),
(253, 10, '2025-12-15', '11:00:00', '12:00:00', 150000.00, 'tersedia', '2025-12-14 05:08:26', NULL),
(254, 10, '2025-12-15', '13:00:00', '14:00:00', 150000.00, 'tersedia', '2025-12-14 05:08:26', NULL),
(255, 10, '2025-12-15', '14:00:00', '15:00:00', 150000.00, 'tersedia', '2025-12-14 05:08:26', NULL),
(256, 10, '2025-12-15', '15:00:00', '16:00:00', 150000.00, 'tersedia', '2025-12-14 05:08:26', NULL),
(257, 10, '2025-12-15', '16:00:00', '17:00:00', 150000.00, 'tersedia', '2025-12-14 05:08:26', NULL),
(258, 10, '2025-12-15', '17:00:00', '18:00:00', 150000.00, 'tersedia', '2025-12-14 05:08:26', NULL),
(259, 10, '2025-12-15', '18:00:00', '19:00:00', 150000.00, 'tersedia', '2025-12-14 05:08:26', NULL),
(260, 10, '2025-12-15', '19:00:00', '20:00:00', 150000.00, 'tersedia', '2025-12-14 05:08:26', NULL),
(261, 10, '2025-12-15', '20:00:00', '21:00:00', 150000.00, 'tersedia', '2025-12-14 05:08:26', NULL),
(262, 10, '2025-12-15', '21:00:00', '22:00:00', 150000.00, 'tersedia', '2025-12-14 05:08:26', NULL),
(263, 1, '2025-12-16', '08:00:00', '09:00:00', 150000.00, 'tersedia', '2025-12-14 05:08:26', NULL),
(264, 1, '2025-12-16', '09:00:00', '10:00:00', 150000.00, 'tersedia', '2025-12-14 05:08:26', NULL),
(265, 1, '2025-12-16', '10:00:00', '11:00:00', 150000.00, 'tersedia', '2025-12-14 05:08:26', NULL),
(266, 1, '2025-12-16', '11:00:00', '12:00:00', 150000.00, 'tersedia', '2025-12-14 05:08:26', NULL),
(267, 1, '2025-12-16', '13:00:00', '14:00:00', 150000.00, 'tersedia', '2025-12-14 05:08:26', NULL),
(268, 1, '2025-12-16', '14:00:00', '15:00:00', 150000.00, 'tersedia', '2025-12-14 05:08:26', NULL),
(269, 1, '2025-12-16', '15:00:00', '16:00:00', 150000.00, 'tersedia', '2025-12-14 05:08:26', NULL),
(270, 1, '2025-12-16', '16:00:00', '17:00:00', 150000.00, 'tersedia', '2025-12-14 05:08:26', NULL),
(271, 1, '2025-12-16', '17:00:00', '18:00:00', 150000.00, 'tersedia', '2025-12-14 05:08:26', NULL),
(272, 1, '2025-12-16', '18:00:00', '19:00:00', 150000.00, 'tersedia', '2025-12-14 05:08:26', NULL),
(273, 1, '2025-12-16', '19:00:00', '20:00:00', 150000.00, 'tersedia', '2025-12-14 05:08:26', NULL),
(274, 1, '2025-12-16', '20:00:00', '21:00:00', 150000.00, 'tersedia', '2025-12-14 05:08:26', NULL),
(275, 1, '2025-12-16', '21:00:00', '22:00:00', 150000.00, 'tersedia', '2025-12-14 05:08:26', NULL),
(276, 2, '2025-12-16', '08:00:00', '09:00:00', 130000.00, 'tersedia', '2025-12-14 05:08:26', NULL),
(277, 2, '2025-12-16', '09:00:00', '10:00:00', 130000.00, 'tersedia', '2025-12-14 05:08:26', NULL),
(278, 2, '2025-12-16', '10:00:00', '11:00:00', 130000.00, 'tersedia', '2025-12-14 05:08:26', NULL),
(279, 2, '2025-12-16', '11:00:00', '12:00:00', 130000.00, 'tersedia', '2025-12-14 05:08:26', NULL),
(280, 2, '2025-12-16', '13:00:00', '14:00:00', 130000.00, 'tersedia', '2025-12-14 05:08:26', NULL),
(281, 2, '2025-12-16', '14:00:00', '15:00:00', 130000.00, 'tersedia', '2025-12-14 05:08:26', NULL),
(282, 2, '2025-12-16', '15:00:00', '16:00:00', 130000.00, 'tersedia', '2025-12-14 05:08:26', NULL),
(283, 2, '2025-12-16', '16:00:00', '17:00:00', 130000.00, 'tersedia', '2025-12-14 05:08:26', NULL),
(284, 2, '2025-12-16', '17:00:00', '18:00:00', 130000.00, 'tersedia', '2025-12-14 05:08:26', NULL),
(285, 2, '2025-12-16', '18:00:00', '19:00:00', 130000.00, 'tersedia', '2025-12-14 05:08:26', NULL),
(286, 2, '2025-12-16', '19:00:00', '20:00:00', 130000.00, 'tersedia', '2025-12-14 05:08:26', NULL),
(287, 2, '2025-12-16', '20:00:00', '21:00:00', 130000.00, 'tersedia', '2025-12-14 05:08:26', NULL),
(288, 2, '2025-12-16', '21:00:00', '22:00:00', 130000.00, 'tersedia', '2025-12-14 05:08:26', NULL),
(289, 3, '2025-12-16', '08:00:00', '09:00:00', 80000.00, 'tersedia', '2025-12-14 05:08:26', NULL),
(290, 3, '2025-12-16', '09:00:00', '10:00:00', 80000.00, 'tersedia', '2025-12-14 05:08:26', NULL),
(291, 3, '2025-12-16', '10:00:00', '11:00:00', 80000.00, 'tersedia', '2025-12-14 05:08:26', NULL),
(292, 3, '2025-12-16', '11:00:00', '12:00:00', 80000.00, 'tersedia', '2025-12-14 05:08:26', NULL),
(293, 3, '2025-12-16', '13:00:00', '14:00:00', 80000.00, 'tersedia', '2025-12-14 05:08:26', NULL),
(294, 3, '2025-12-16', '14:00:00', '15:00:00', 80000.00, 'tersedia', '2025-12-14 05:08:26', NULL),
(295, 3, '2025-12-16', '15:00:00', '16:00:00', 80000.00, 'tersedia', '2025-12-14 05:08:26', NULL),
(296, 3, '2025-12-16', '16:00:00', '17:00:00', 80000.00, 'tersedia', '2025-12-14 05:08:26', NULL),
(297, 3, '2025-12-16', '17:00:00', '18:00:00', 80000.00, 'tersedia', '2025-12-14 05:08:26', NULL),
(298, 3, '2025-12-16', '18:00:00', '19:00:00', 80000.00, 'tersedia', '2025-12-14 05:08:26', NULL),
(299, 3, '2025-12-16', '19:00:00', '20:00:00', 80000.00, 'tersedia', '2025-12-14 05:08:26', NULL),
(300, 3, '2025-12-16', '20:00:00', '21:00:00', 80000.00, 'tersedia', '2025-12-14 05:08:26', NULL),
(301, 3, '2025-12-16', '21:00:00', '22:00:00', 80000.00, 'tersedia', '2025-12-14 05:08:26', NULL),
(302, 4, '2025-12-16', '08:00:00', '09:00:00', 90000.00, 'tersedia', '2025-12-14 05:08:26', NULL),
(303, 4, '2025-12-16', '09:00:00', '10:00:00', 90000.00, 'tersedia', '2025-12-14 05:08:26', NULL),
(304, 4, '2025-12-16', '10:00:00', '11:00:00', 90000.00, 'tersedia', '2025-12-14 05:08:26', NULL),
(305, 4, '2025-12-16', '11:00:00', '12:00:00', 90000.00, 'tersedia', '2025-12-14 05:08:26', NULL),
(306, 4, '2025-12-16', '13:00:00', '14:00:00', 90000.00, 'tersedia', '2025-12-14 05:08:26', NULL),
(307, 4, '2025-12-16', '14:00:00', '15:00:00', 90000.00, 'tersedia', '2025-12-14 05:08:26', NULL),
(308, 4, '2025-12-16', '15:00:00', '16:00:00', 90000.00, 'tersedia', '2025-12-14 05:08:26', NULL),
(309, 4, '2025-12-16', '16:00:00', '17:00:00', 90000.00, 'tersedia', '2025-12-14 05:08:26', NULL),
(310, 4, '2025-12-16', '17:00:00', '18:00:00', 90000.00, 'tersedia', '2025-12-14 05:08:26', NULL),
(311, 4, '2025-12-16', '18:00:00', '19:00:00', 90000.00, 'tersedia', '2025-12-14 05:08:26', NULL),
(312, 4, '2025-12-16', '19:00:00', '20:00:00', 90000.00, 'tersedia', '2025-12-14 05:08:26', NULL),
(313, 4, '2025-12-16', '20:00:00', '21:00:00', 90000.00, 'tersedia', '2025-12-14 05:08:26', NULL),
(314, 4, '2025-12-16', '21:00:00', '22:00:00', 90000.00, 'tersedia', '2025-12-14 05:08:26', NULL),
(315, 5, '2025-12-16', '08:00:00', '09:00:00', 75000.00, 'tersedia', '2025-12-14 05:08:26', NULL),
(316, 5, '2025-12-16', '09:00:00', '10:00:00', 75000.00, 'tersedia', '2025-12-14 05:08:26', NULL),
(317, 5, '2025-12-16', '10:00:00', '11:00:00', 75000.00, 'tersedia', '2025-12-14 05:08:26', NULL),
(318, 5, '2025-12-16', '11:00:00', '12:00:00', 75000.00, 'tersedia', '2025-12-14 05:08:26', NULL),
(319, 5, '2025-12-16', '13:00:00', '14:00:00', 75000.00, 'tersedia', '2025-12-14 05:08:26', NULL),
(320, 5, '2025-12-16', '14:00:00', '15:00:00', 75000.00, 'tersedia', '2025-12-14 05:08:26', NULL),
(321, 5, '2025-12-16', '15:00:00', '16:00:00', 75000.00, 'tersedia', '2025-12-14 05:08:26', NULL),
(322, 5, '2025-12-16', '16:00:00', '17:00:00', 75000.00, 'tersedia', '2025-12-14 05:08:26', NULL),
(323, 5, '2025-12-16', '17:00:00', '18:00:00', 75000.00, 'tersedia', '2025-12-14 05:08:26', NULL),
(324, 5, '2025-12-16', '18:00:00', '19:00:00', 75000.00, 'tersedia', '2025-12-14 05:08:26', NULL),
(325, 5, '2025-12-16', '19:00:00', '20:00:00', 75000.00, 'tersedia', '2025-12-14 05:08:26', NULL),
(326, 5, '2025-12-16', '20:00:00', '21:00:00', 75000.00, 'tersedia', '2025-12-14 05:08:26', NULL),
(327, 5, '2025-12-16', '21:00:00', '22:00:00', 75000.00, 'tersedia', '2025-12-14 05:08:26', NULL),
(328, 6, '2025-12-16', '08:00:00', '09:00:00', 120000.00, 'tersedia', '2025-12-14 05:08:26', NULL),
(329, 6, '2025-12-16', '09:00:00', '10:00:00', 120000.00, 'tersedia', '2025-12-14 05:08:26', NULL),
(330, 6, '2025-12-16', '10:00:00', '11:00:00', 120000.00, 'tersedia', '2025-12-14 05:08:26', NULL),
(331, 6, '2025-12-16', '11:00:00', '12:00:00', 120000.00, 'tersedia', '2025-12-14 05:08:26', NULL),
(332, 6, '2025-12-16', '13:00:00', '14:00:00', 120000.00, 'tersedia', '2025-12-14 05:08:26', NULL),
(333, 6, '2025-12-16', '14:00:00', '15:00:00', 120000.00, 'tersedia', '2025-12-14 05:08:26', NULL),
(334, 6, '2025-12-16', '15:00:00', '16:00:00', 120000.00, 'tersedia', '2025-12-14 05:08:26', NULL),
(335, 6, '2025-12-16', '16:00:00', '17:00:00', 120000.00, 'tersedia', '2025-12-14 05:08:26', NULL),
(336, 6, '2025-12-16', '17:00:00', '18:00:00', 120000.00, 'tersedia', '2025-12-14 05:08:26', NULL),
(337, 6, '2025-12-16', '18:00:00', '19:00:00', 120000.00, 'tersedia', '2025-12-14 05:08:26', NULL),
(338, 6, '2025-12-16', '19:00:00', '20:00:00', 120000.00, 'tersedia', '2025-12-14 05:08:26', NULL),
(339, 6, '2025-12-16', '20:00:00', '21:00:00', 120000.00, 'tersedia', '2025-12-14 05:08:26', NULL),
(340, 6, '2025-12-16', '21:00:00', '22:00:00', 120000.00, 'tersedia', '2025-12-14 05:08:26', NULL),
(341, 7, '2025-12-16', '08:00:00', '09:00:00', 100000.00, 'tersedia', '2025-12-14 05:08:26', NULL),
(342, 7, '2025-12-16', '09:00:00', '10:00:00', 100000.00, 'tersedia', '2025-12-14 05:08:26', NULL),
(343, 7, '2025-12-16', '10:00:00', '11:00:00', 100000.00, 'tersedia', '2025-12-14 05:08:26', NULL),
(344, 7, '2025-12-16', '11:00:00', '12:00:00', 100000.00, 'tersedia', '2025-12-14 05:08:26', NULL),
(345, 7, '2025-12-16', '13:00:00', '14:00:00', 100000.00, 'tersedia', '2025-12-14 05:08:26', NULL),
(346, 7, '2025-12-16', '14:00:00', '15:00:00', 100000.00, 'tersedia', '2025-12-14 05:08:26', NULL),
(347, 7, '2025-12-16', '15:00:00', '16:00:00', 100000.00, 'tersedia', '2025-12-14 05:08:26', NULL),
(348, 7, '2025-12-16', '16:00:00', '17:00:00', 100000.00, 'tersedia', '2025-12-14 05:08:26', NULL),
(349, 7, '2025-12-16', '17:00:00', '18:00:00', 100000.00, 'tersedia', '2025-12-14 05:08:26', NULL),
(350, 7, '2025-12-16', '18:00:00', '19:00:00', 100000.00, 'tersedia', '2025-12-14 05:08:26', NULL),
(351, 7, '2025-12-16', '19:00:00', '20:00:00', 100000.00, 'tersedia', '2025-12-14 05:08:26', NULL),
(352, 7, '2025-12-16', '20:00:00', '21:00:00', 100000.00, 'tersedia', '2025-12-14 05:08:26', NULL),
(353, 7, '2025-12-16', '21:00:00', '22:00:00', 100000.00, 'tersedia', '2025-12-14 05:08:26', NULL),
(354, 8, '2025-12-16', '08:00:00', '09:00:00', 200000.00, 'tersedia', '2025-12-14 05:08:26', NULL),
(355, 8, '2025-12-16', '09:00:00', '10:00:00', 200000.00, 'tersedia', '2025-12-14 05:08:26', NULL),
(356, 8, '2025-12-16', '10:00:00', '11:00:00', 200000.00, 'tersedia', '2025-12-14 05:08:26', NULL),
(357, 8, '2025-12-16', '11:00:00', '12:00:00', 200000.00, 'tersedia', '2025-12-14 05:08:26', NULL),
(358, 8, '2025-12-16', '13:00:00', '14:00:00', 200000.00, 'tersedia', '2025-12-14 05:08:26', NULL),
(359, 8, '2025-12-16', '14:00:00', '15:00:00', 200000.00, 'tersedia', '2025-12-14 05:08:26', NULL),
(360, 8, '2025-12-16', '15:00:00', '16:00:00', 200000.00, 'tersedia', '2025-12-14 05:08:26', NULL),
(361, 8, '2025-12-16', '16:00:00', '17:00:00', 200000.00, 'tersedia', '2025-12-14 05:08:26', NULL),
(362, 8, '2025-12-16', '17:00:00', '18:00:00', 200000.00, 'tersedia', '2025-12-14 05:08:26', NULL),
(363, 8, '2025-12-16', '18:00:00', '19:00:00', 200000.00, 'tersedia', '2025-12-14 05:08:26', NULL),
(364, 8, '2025-12-16', '19:00:00', '20:00:00', 200000.00, 'tersedia', '2025-12-14 05:08:26', NULL),
(365, 8, '2025-12-16', '20:00:00', '21:00:00', 200000.00, 'tersedia', '2025-12-14 05:08:26', NULL),
(366, 8, '2025-12-16', '21:00:00', '22:00:00', 200000.00, 'tersedia', '2025-12-14 05:08:26', NULL),
(367, 9, '2025-12-16', '08:00:00', '09:00:00', 120000.00, 'tersedia', '2025-12-14 05:08:26', NULL),
(368, 9, '2025-12-16', '09:00:00', '10:00:00', 120000.00, 'tersedia', '2025-12-14 05:08:26', NULL),
(369, 9, '2025-12-16', '10:00:00', '11:00:00', 120000.00, 'tersedia', '2025-12-14 05:08:26', NULL),
(370, 9, '2025-12-16', '11:00:00', '12:00:00', 120000.00, 'tersedia', '2025-12-14 05:08:26', NULL),
(371, 9, '2025-12-16', '13:00:00', '14:00:00', 120000.00, 'tersedia', '2025-12-14 05:08:26', NULL),
(372, 9, '2025-12-16', '14:00:00', '15:00:00', 120000.00, 'tersedia', '2025-12-14 05:08:26', NULL),
(373, 9, '2025-12-16', '15:00:00', '16:00:00', 120000.00, 'tersedia', '2025-12-14 05:08:26', NULL),
(374, 9, '2025-12-16', '16:00:00', '17:00:00', 120000.00, 'tersedia', '2025-12-14 05:08:26', NULL),
(375, 9, '2025-12-16', '17:00:00', '18:00:00', 120000.00, 'tersedia', '2025-12-14 05:08:26', NULL),
(376, 9, '2025-12-16', '18:00:00', '19:00:00', 120000.00, 'tersedia', '2025-12-14 05:08:26', NULL),
(377, 9, '2025-12-16', '19:00:00', '20:00:00', 120000.00, 'tersedia', '2025-12-14 05:08:26', NULL),
(378, 9, '2025-12-16', '20:00:00', '21:00:00', 120000.00, 'tersedia', '2025-12-14 05:08:26', NULL),
(379, 9, '2025-12-16', '21:00:00', '22:00:00', 120000.00, 'tersedia', '2025-12-14 05:08:26', NULL),
(380, 10, '2025-12-16', '08:00:00', '09:00:00', 150000.00, 'tersedia', '2025-12-14 05:08:26', NULL),
(381, 10, '2025-12-16', '09:00:00', '10:00:00', 150000.00, 'tersedia', '2025-12-14 05:08:26', NULL),
(382, 10, '2025-12-16', '10:00:00', '11:00:00', 150000.00, 'tersedia', '2025-12-14 05:08:26', NULL),
(383, 10, '2025-12-16', '11:00:00', '12:00:00', 150000.00, 'tersedia', '2025-12-14 05:08:26', NULL),
(384, 10, '2025-12-16', '13:00:00', '14:00:00', 150000.00, 'tersedia', '2025-12-14 05:08:26', NULL),
(385, 10, '2025-12-16', '14:00:00', '15:00:00', 150000.00, 'tersedia', '2025-12-14 05:08:26', NULL),
(386, 10, '2025-12-16', '15:00:00', '16:00:00', 150000.00, 'tersedia', '2025-12-14 05:08:26', NULL),
(387, 10, '2025-12-16', '16:00:00', '17:00:00', 150000.00, 'tersedia', '2025-12-14 05:08:26', NULL),
(388, 10, '2025-12-16', '17:00:00', '18:00:00', 150000.00, 'tersedia', '2025-12-14 05:08:26', NULL),
(389, 10, '2025-12-16', '18:00:00', '19:00:00', 150000.00, 'tersedia', '2025-12-14 05:08:26', NULL),
(390, 10, '2025-12-16', '19:00:00', '20:00:00', 150000.00, 'tersedia', '2025-12-14 05:08:26', NULL),
(391, 10, '2025-12-16', '20:00:00', '21:00:00', 150000.00, 'tersedia', '2025-12-14 05:08:26', NULL),
(392, 10, '2025-12-16', '21:00:00', '22:00:00', 150000.00, 'tersedia', '2025-12-14 05:08:26', NULL),
(393, 1, '2025-12-17', '08:00:00', '09:00:00', 150000.00, 'tersedia', '2025-12-14 05:08:26', NULL),
(394, 1, '2025-12-17', '09:00:00', '10:00:00', 150000.00, 'tersedia', '2025-12-14 05:08:26', NULL),
(395, 1, '2025-12-17', '10:00:00', '11:00:00', 150000.00, 'tersedia', '2025-12-14 05:08:26', NULL),
(396, 1, '2025-12-17', '11:00:00', '12:00:00', 150000.00, 'tersedia', '2025-12-14 05:08:26', NULL),
(397, 1, '2025-12-17', '13:00:00', '14:00:00', 150000.00, 'tersedia', '2025-12-14 05:08:26', NULL),
(398, 1, '2025-12-17', '14:00:00', '15:00:00', 150000.00, 'tersedia', '2025-12-14 05:08:26', NULL),
(399, 1, '2025-12-17', '15:00:00', '16:00:00', 150000.00, 'tersedia', '2025-12-14 05:08:26', NULL),
(400, 1, '2025-12-17', '16:00:00', '17:00:00', 150000.00, 'tersedia', '2025-12-14 05:08:26', NULL),
(401, 1, '2025-12-17', '17:00:00', '18:00:00', 150000.00, 'tersedia', '2025-12-14 05:08:26', NULL),
(402, 1, '2025-12-17', '18:00:00', '19:00:00', 150000.00, 'tersedia', '2025-12-14 05:08:26', NULL),
(403, 1, '2025-12-17', '19:00:00', '20:00:00', 150000.00, 'tersedia', '2025-12-14 05:08:26', NULL),
(404, 1, '2025-12-17', '20:00:00', '21:00:00', 150000.00, 'tersedia', '2025-12-14 05:08:26', NULL),
(405, 1, '2025-12-17', '21:00:00', '22:00:00', 150000.00, 'tersedia', '2025-12-14 05:08:26', NULL),
(406, 2, '2025-12-17', '08:00:00', '09:00:00', 130000.00, 'tersedia', '2025-12-14 05:08:26', NULL),
(407, 2, '2025-12-17', '09:00:00', '10:00:00', 130000.00, 'tersedia', '2025-12-14 05:08:26', NULL),
(408, 2, '2025-12-17', '10:00:00', '11:00:00', 130000.00, 'tersedia', '2025-12-14 05:08:26', NULL),
(409, 2, '2025-12-17', '11:00:00', '12:00:00', 130000.00, 'tersedia', '2025-12-14 05:08:26', NULL),
(410, 2, '2025-12-17', '13:00:00', '14:00:00', 130000.00, 'tersedia', '2025-12-14 05:08:26', NULL),
(411, 2, '2025-12-17', '14:00:00', '15:00:00', 130000.00, 'tersedia', '2025-12-14 05:08:26', NULL),
(412, 2, '2025-12-17', '15:00:00', '16:00:00', 130000.00, 'tersedia', '2025-12-14 05:08:26', NULL),
(413, 2, '2025-12-17', '16:00:00', '17:00:00', 130000.00, 'tersedia', '2025-12-14 05:08:26', NULL),
(414, 2, '2025-12-17', '17:00:00', '18:00:00', 130000.00, 'tersedia', '2025-12-14 05:08:26', NULL),
(415, 2, '2025-12-17', '18:00:00', '19:00:00', 130000.00, 'tersedia', '2025-12-14 05:08:26', NULL),
(416, 2, '2025-12-17', '19:00:00', '20:00:00', 130000.00, 'tersedia', '2025-12-14 05:08:26', NULL),
(417, 2, '2025-12-17', '20:00:00', '21:00:00', 130000.00, 'tersedia', '2025-12-14 05:08:26', NULL),
(418, 2, '2025-12-17', '21:00:00', '22:00:00', 130000.00, 'tersedia', '2025-12-14 05:08:26', NULL),
(419, 3, '2025-12-17', '08:00:00', '09:00:00', 80000.00, 'tersedia', '2025-12-14 05:08:26', NULL),
(420, 3, '2025-12-17', '09:00:00', '10:00:00', 80000.00, 'tersedia', '2025-12-14 05:08:26', NULL),
(421, 3, '2025-12-17', '10:00:00', '11:00:00', 80000.00, 'tersedia', '2025-12-14 05:08:26', NULL),
(422, 3, '2025-12-17', '11:00:00', '12:00:00', 80000.00, 'tersedia', '2025-12-14 05:08:26', NULL),
(423, 3, '2025-12-17', '13:00:00', '14:00:00', 80000.00, 'tersedia', '2025-12-14 05:08:26', NULL),
(424, 3, '2025-12-17', '14:00:00', '15:00:00', 80000.00, 'tersedia', '2025-12-14 05:08:26', NULL),
(425, 3, '2025-12-17', '15:00:00', '16:00:00', 80000.00, 'tersedia', '2025-12-14 05:08:26', NULL),
(426, 3, '2025-12-17', '16:00:00', '17:00:00', 80000.00, 'tersedia', '2025-12-14 05:08:26', NULL),
(427, 3, '2025-12-17', '17:00:00', '18:00:00', 80000.00, 'tersedia', '2025-12-14 05:08:26', NULL),
(428, 3, '2025-12-17', '18:00:00', '19:00:00', 80000.00, 'tersedia', '2025-12-14 05:08:26', NULL),
(429, 3, '2025-12-17', '19:00:00', '20:00:00', 80000.00, 'tersedia', '2025-12-14 05:08:26', NULL),
(430, 3, '2025-12-17', '20:00:00', '21:00:00', 80000.00, 'tersedia', '2025-12-14 05:08:26', NULL),
(431, 3, '2025-12-17', '21:00:00', '22:00:00', 80000.00, 'tersedia', '2025-12-14 05:08:26', NULL),
(432, 4, '2025-12-17', '08:00:00', '09:00:00', 90000.00, 'tersedia', '2025-12-14 05:08:26', NULL),
(433, 4, '2025-12-17', '09:00:00', '10:00:00', 90000.00, 'tersedia', '2025-12-14 05:08:26', NULL),
(434, 4, '2025-12-17', '10:00:00', '11:00:00', 90000.00, 'tersedia', '2025-12-14 05:08:26', NULL),
(435, 4, '2025-12-17', '11:00:00', '12:00:00', 90000.00, 'tersedia', '2025-12-14 05:08:26', NULL),
(436, 4, '2025-12-17', '13:00:00', '14:00:00', 90000.00, 'tersedia', '2025-12-14 05:08:26', NULL),
(437, 4, '2025-12-17', '14:00:00', '15:00:00', 90000.00, 'tersedia', '2025-12-14 05:08:26', NULL),
(438, 4, '2025-12-17', '15:00:00', '16:00:00', 90000.00, 'tersedia', '2025-12-14 05:08:26', NULL),
(439, 4, '2025-12-17', '16:00:00', '17:00:00', 90000.00, 'tersedia', '2025-12-14 05:08:26', NULL),
(440, 4, '2025-12-17', '17:00:00', '18:00:00', 90000.00, 'tersedia', '2025-12-14 05:08:26', NULL),
(441, 4, '2025-12-17', '18:00:00', '19:00:00', 90000.00, 'tersedia', '2025-12-14 05:08:26', NULL),
(442, 4, '2025-12-17', '19:00:00', '20:00:00', 90000.00, 'tersedia', '2025-12-14 05:08:26', NULL),
(443, 4, '2025-12-17', '20:00:00', '21:00:00', 90000.00, 'tersedia', '2025-12-14 05:08:26', NULL),
(444, 4, '2025-12-17', '21:00:00', '22:00:00', 90000.00, 'tersedia', '2025-12-14 05:08:26', NULL),
(445, 5, '2025-12-17', '08:00:00', '09:00:00', 75000.00, 'tersedia', '2025-12-14 05:08:26', NULL),
(446, 5, '2025-12-17', '09:00:00', '10:00:00', 75000.00, 'tersedia', '2025-12-14 05:08:26', NULL),
(447, 5, '2025-12-17', '10:00:00', '11:00:00', 75000.00, 'tersedia', '2025-12-14 05:08:26', NULL),
(448, 5, '2025-12-17', '11:00:00', '12:00:00', 75000.00, 'tersedia', '2025-12-14 05:08:26', NULL),
(449, 5, '2025-12-17', '13:00:00', '14:00:00', 75000.00, 'tersedia', '2025-12-14 05:08:26', NULL),
(450, 5, '2025-12-17', '14:00:00', '15:00:00', 75000.00, 'tersedia', '2025-12-14 05:08:26', NULL),
(451, 5, '2025-12-17', '15:00:00', '16:00:00', 75000.00, 'tersedia', '2025-12-14 05:08:26', NULL),
(452, 5, '2025-12-17', '16:00:00', '17:00:00', 75000.00, 'tersedia', '2025-12-14 05:08:26', NULL),
(453, 5, '2025-12-17', '17:00:00', '18:00:00', 75000.00, 'tersedia', '2025-12-14 05:08:26', NULL),
(454, 5, '2025-12-17', '18:00:00', '19:00:00', 75000.00, 'tersedia', '2025-12-14 05:08:26', NULL),
(455, 5, '2025-12-17', '19:00:00', '20:00:00', 75000.00, 'tersedia', '2025-12-14 05:08:26', NULL),
(456, 5, '2025-12-17', '20:00:00', '21:00:00', 75000.00, 'tersedia', '2025-12-14 05:08:26', NULL),
(457, 5, '2025-12-17', '21:00:00', '22:00:00', 75000.00, 'tersedia', '2025-12-14 05:08:26', NULL),
(458, 6, '2025-12-17', '08:00:00', '09:00:00', 120000.00, 'tersedia', '2025-12-14 05:08:26', NULL),
(459, 6, '2025-12-17', '09:00:00', '10:00:00', 120000.00, 'tersedia', '2025-12-14 05:08:26', NULL),
(460, 6, '2025-12-17', '10:00:00', '11:00:00', 120000.00, 'tersedia', '2025-12-14 05:08:26', NULL),
(461, 6, '2025-12-17', '11:00:00', '12:00:00', 120000.00, 'tersedia', '2025-12-14 05:08:26', NULL),
(462, 6, '2025-12-17', '13:00:00', '14:00:00', 120000.00, 'tersedia', '2025-12-14 05:08:26', NULL),
(463, 6, '2025-12-17', '14:00:00', '15:00:00', 120000.00, 'tersedia', '2025-12-14 05:08:26', NULL),
(464, 6, '2025-12-17', '15:00:00', '16:00:00', 120000.00, 'tersedia', '2025-12-14 05:08:26', NULL),
(465, 6, '2025-12-17', '16:00:00', '17:00:00', 120000.00, 'tersedia', '2025-12-14 05:08:26', NULL),
(466, 6, '2025-12-17', '17:00:00', '18:00:00', 120000.00, 'tersedia', '2025-12-14 05:08:26', NULL),
(467, 6, '2025-12-17', '18:00:00', '19:00:00', 120000.00, 'tersedia', '2025-12-14 05:08:26', NULL),
(468, 6, '2025-12-17', '19:00:00', '20:00:00', 120000.00, 'tersedia', '2025-12-14 05:08:26', NULL),
(469, 6, '2025-12-17', '20:00:00', '21:00:00', 120000.00, 'tersedia', '2025-12-14 05:08:26', NULL),
(470, 6, '2025-12-17', '21:00:00', '22:00:00', 120000.00, 'tersedia', '2025-12-14 05:08:26', NULL),
(471, 7, '2025-12-17', '08:00:00', '09:00:00', 100000.00, 'tersedia', '2025-12-14 05:08:26', NULL),
(472, 7, '2025-12-17', '09:00:00', '10:00:00', 100000.00, 'tersedia', '2025-12-14 05:08:26', NULL),
(473, 7, '2025-12-17', '10:00:00', '11:00:00', 100000.00, 'tersedia', '2025-12-14 05:08:26', NULL),
(474, 7, '2025-12-17', '11:00:00', '12:00:00', 100000.00, 'tersedia', '2025-12-14 05:08:26', NULL),
(475, 7, '2025-12-17', '13:00:00', '14:00:00', 100000.00, 'tersedia', '2025-12-14 05:08:26', NULL),
(476, 7, '2025-12-17', '14:00:00', '15:00:00', 100000.00, 'tersedia', '2025-12-14 05:08:26', NULL),
(477, 7, '2025-12-17', '15:00:00', '16:00:00', 100000.00, 'tersedia', '2025-12-14 05:08:26', NULL),
(478, 7, '2025-12-17', '16:00:00', '17:00:00', 100000.00, 'tersedia', '2025-12-14 05:08:26', NULL),
(479, 7, '2025-12-17', '17:00:00', '18:00:00', 100000.00, 'tersedia', '2025-12-14 05:08:26', NULL),
(480, 7, '2025-12-17', '18:00:00', '19:00:00', 100000.00, 'tersedia', '2025-12-14 05:08:26', NULL),
(481, 7, '2025-12-17', '19:00:00', '20:00:00', 100000.00, 'tersedia', '2025-12-14 05:08:26', NULL),
(482, 7, '2025-12-17', '20:00:00', '21:00:00', 100000.00, 'tersedia', '2025-12-14 05:08:26', NULL),
(483, 7, '2025-12-17', '21:00:00', '22:00:00', 100000.00, 'tersedia', '2025-12-14 05:08:26', NULL),
(484, 8, '2025-12-17', '08:00:00', '09:00:00', 200000.00, 'tersedia', '2025-12-14 05:08:26', NULL),
(485, 8, '2025-12-17', '09:00:00', '10:00:00', 200000.00, 'tersedia', '2025-12-14 05:08:26', NULL),
(486, 8, '2025-12-17', '10:00:00', '11:00:00', 200000.00, 'tersedia', '2025-12-14 05:08:26', NULL),
(487, 8, '2025-12-17', '11:00:00', '12:00:00', 200000.00, 'tersedia', '2025-12-14 05:08:26', NULL),
(488, 8, '2025-12-17', '13:00:00', '14:00:00', 200000.00, 'tersedia', '2025-12-14 05:08:26', NULL),
(489, 8, '2025-12-17', '14:00:00', '15:00:00', 200000.00, 'tersedia', '2025-12-14 05:08:26', NULL),
(490, 8, '2025-12-17', '15:00:00', '16:00:00', 200000.00, 'tersedia', '2025-12-14 05:08:26', NULL),
(491, 8, '2025-12-17', '16:00:00', '17:00:00', 200000.00, 'tersedia', '2025-12-14 05:08:26', NULL),
(492, 8, '2025-12-17', '17:00:00', '18:00:00', 200000.00, 'tersedia', '2025-12-14 05:08:26', NULL),
(493, 8, '2025-12-17', '18:00:00', '19:00:00', 200000.00, 'tersedia', '2025-12-14 05:08:26', NULL),
(494, 8, '2025-12-17', '19:00:00', '20:00:00', 200000.00, 'tersedia', '2025-12-14 05:08:26', NULL),
(495, 8, '2025-12-17', '20:00:00', '21:00:00', 200000.00, 'tersedia', '2025-12-14 05:08:26', NULL),
(496, 8, '2025-12-17', '21:00:00', '22:00:00', 200000.00, 'tersedia', '2025-12-14 05:08:26', NULL),
(497, 9, '2025-12-17', '08:00:00', '09:00:00', 120000.00, 'tersedia', '2025-12-14 05:08:26', NULL),
(498, 9, '2025-12-17', '09:00:00', '10:00:00', 120000.00, 'tersedia', '2025-12-14 05:08:26', NULL),
(499, 9, '2025-12-17', '10:00:00', '11:00:00', 120000.00, 'tersedia', '2025-12-14 05:08:26', NULL),
(500, 9, '2025-12-17', '11:00:00', '12:00:00', 120000.00, 'tersedia', '2025-12-14 05:08:26', NULL),
(501, 9, '2025-12-17', '13:00:00', '14:00:00', 120000.00, 'tersedia', '2025-12-14 05:08:26', NULL),
(502, 9, '2025-12-17', '14:00:00', '15:00:00', 120000.00, 'tersedia', '2025-12-14 05:08:26', NULL),
(503, 9, '2025-12-17', '15:00:00', '16:00:00', 120000.00, 'tersedia', '2025-12-14 05:08:26', NULL),
(504, 9, '2025-12-17', '16:00:00', '17:00:00', 120000.00, 'tersedia', '2025-12-14 05:08:26', NULL),
(505, 9, '2025-12-17', '17:00:00', '18:00:00', 120000.00, 'tersedia', '2025-12-14 05:08:26', NULL),
(506, 9, '2025-12-17', '18:00:00', '19:00:00', 120000.00, 'tersedia', '2025-12-14 05:08:26', NULL),
(507, 9, '2025-12-17', '19:00:00', '20:00:00', 120000.00, 'tersedia', '2025-12-14 05:08:26', NULL),
(508, 9, '2025-12-17', '20:00:00', '21:00:00', 120000.00, 'tersedia', '2025-12-14 05:08:26', NULL),
(509, 9, '2025-12-17', '21:00:00', '22:00:00', 120000.00, 'tersedia', '2025-12-14 05:08:26', NULL),
(510, 10, '2025-12-17', '08:00:00', '09:00:00', 150000.00, 'tersedia', '2025-12-14 05:08:26', NULL);
INSERT INTO `jadwal` (`id_jadwal`, `id_lapangan`, `tanggal`, `jam_mulai`, `jam_selesai`, `harga`, `status_ketersediaan`, `created_at`, `updated_at`) VALUES
(511, 10, '2025-12-17', '09:00:00', '10:00:00', 150000.00, 'tersedia', '2025-12-14 05:08:26', NULL),
(512, 10, '2025-12-17', '10:00:00', '11:00:00', 150000.00, 'tersedia', '2025-12-14 05:08:26', NULL),
(513, 10, '2025-12-17', '11:00:00', '12:00:00', 150000.00, 'tersedia', '2025-12-14 05:08:26', NULL),
(514, 10, '2025-12-17', '13:00:00', '14:00:00', 150000.00, 'tersedia', '2025-12-14 05:08:26', NULL),
(515, 10, '2025-12-17', '14:00:00', '15:00:00', 150000.00, 'tersedia', '2025-12-14 05:08:26', NULL),
(516, 10, '2025-12-17', '15:00:00', '16:00:00', 150000.00, 'tersedia', '2025-12-14 05:08:26', NULL),
(517, 10, '2025-12-17', '16:00:00', '17:00:00', 150000.00, 'tersedia', '2025-12-14 05:08:26', NULL),
(518, 10, '2025-12-17', '17:00:00', '18:00:00', 150000.00, 'tersedia', '2025-12-14 05:08:26', NULL),
(519, 10, '2025-12-17', '18:00:00', '19:00:00', 150000.00, 'tersedia', '2025-12-14 05:08:26', NULL),
(520, 10, '2025-12-17', '19:00:00', '20:00:00', 150000.00, 'tersedia', '2025-12-14 05:08:26', NULL),
(521, 10, '2025-12-17', '20:00:00', '21:00:00', 150000.00, 'tersedia', '2025-12-14 05:08:26', NULL),
(522, 10, '2025-12-17', '21:00:00', '22:00:00', 150000.00, 'tersedia', '2025-12-14 05:08:26', NULL),
(523, 1, '2025-12-18', '08:00:00', '09:00:00', 150000.00, 'tersedia', '2025-12-14 05:08:26', NULL),
(524, 1, '2025-12-18', '09:00:00', '10:00:00', 150000.00, 'tersedia', '2025-12-14 05:08:26', NULL),
(525, 1, '2025-12-18', '10:00:00', '11:00:00', 150000.00, 'tersedia', '2025-12-14 05:08:26', NULL),
(526, 1, '2025-12-18', '11:00:00', '12:00:00', 150000.00, 'tersedia', '2025-12-14 05:08:26', NULL),
(527, 1, '2025-12-18', '13:00:00', '14:00:00', 150000.00, 'tersedia', '2025-12-14 05:08:26', NULL),
(528, 1, '2025-12-18', '14:00:00', '15:00:00', 150000.00, 'tersedia', '2025-12-14 05:08:26', NULL),
(529, 1, '2025-12-18', '15:00:00', '16:00:00', 150000.00, 'tersedia', '2025-12-14 05:08:26', NULL),
(530, 1, '2025-12-18', '16:00:00', '17:00:00', 150000.00, 'tersedia', '2025-12-14 05:08:26', NULL),
(531, 1, '2025-12-18', '17:00:00', '18:00:00', 150000.00, 'tersedia', '2025-12-14 05:08:26', NULL),
(532, 1, '2025-12-18', '18:00:00', '19:00:00', 150000.00, 'tersedia', '2025-12-14 05:08:26', NULL),
(533, 1, '2025-12-18', '19:00:00', '20:00:00', 150000.00, 'tersedia', '2025-12-14 05:08:26', NULL),
(534, 1, '2025-12-18', '20:00:00', '21:00:00', 150000.00, 'tersedia', '2025-12-14 05:08:26', NULL),
(535, 1, '2025-12-18', '21:00:00', '22:00:00', 150000.00, 'tersedia', '2025-12-14 05:08:26', NULL),
(536, 2, '2025-12-18', '08:00:00', '09:00:00', 130000.00, 'tersedia', '2025-12-14 05:08:26', NULL),
(537, 2, '2025-12-18', '09:00:00', '10:00:00', 130000.00, 'tersedia', '2025-12-14 05:08:26', NULL),
(538, 2, '2025-12-18', '10:00:00', '11:00:00', 130000.00, 'tersedia', '2025-12-14 05:08:26', NULL),
(539, 2, '2025-12-18', '11:00:00', '12:00:00', 130000.00, 'tersedia', '2025-12-14 05:08:26', NULL),
(540, 2, '2025-12-18', '13:00:00', '14:00:00', 130000.00, 'tersedia', '2025-12-14 05:08:26', NULL),
(541, 2, '2025-12-18', '14:00:00', '15:00:00', 130000.00, 'tersedia', '2025-12-14 05:08:26', NULL),
(542, 2, '2025-12-18', '15:00:00', '16:00:00', 130000.00, 'tersedia', '2025-12-14 05:08:26', NULL),
(543, 2, '2025-12-18', '16:00:00', '17:00:00', 130000.00, 'tersedia', '2025-12-14 05:08:26', NULL),
(544, 2, '2025-12-18', '17:00:00', '18:00:00', 130000.00, 'tersedia', '2025-12-14 05:08:26', NULL),
(545, 2, '2025-12-18', '18:00:00', '19:00:00', 130000.00, 'tersedia', '2025-12-14 05:08:26', NULL),
(546, 2, '2025-12-18', '19:00:00', '20:00:00', 130000.00, 'tersedia', '2025-12-14 05:08:26', NULL),
(547, 2, '2025-12-18', '20:00:00', '21:00:00', 130000.00, 'tersedia', '2025-12-14 05:08:26', NULL),
(548, 2, '2025-12-18', '21:00:00', '22:00:00', 130000.00, 'tersedia', '2025-12-14 05:08:26', NULL),
(549, 3, '2025-12-18', '08:00:00', '09:00:00', 80000.00, 'tersedia', '2025-12-14 05:08:26', NULL),
(550, 3, '2025-12-18', '09:00:00', '10:00:00', 80000.00, 'tersedia', '2025-12-14 05:08:26', NULL),
(551, 3, '2025-12-18', '10:00:00', '11:00:00', 80000.00, 'tersedia', '2025-12-14 05:08:26', NULL),
(552, 3, '2025-12-18', '11:00:00', '12:00:00', 80000.00, 'tersedia', '2025-12-14 05:08:26', NULL),
(553, 3, '2025-12-18', '13:00:00', '14:00:00', 80000.00, 'tersedia', '2025-12-14 05:08:26', NULL),
(554, 3, '2025-12-18', '14:00:00', '15:00:00', 80000.00, 'tersedia', '2025-12-14 05:08:26', NULL),
(555, 3, '2025-12-18', '15:00:00', '16:00:00', 80000.00, 'tersedia', '2025-12-14 05:08:26', NULL),
(556, 3, '2025-12-18', '16:00:00', '17:00:00', 80000.00, 'tersedia', '2025-12-14 05:08:26', NULL),
(557, 3, '2025-12-18', '17:00:00', '18:00:00', 80000.00, 'tersedia', '2025-12-14 05:08:26', NULL),
(558, 3, '2025-12-18', '18:00:00', '19:00:00', 80000.00, 'tersedia', '2025-12-14 05:08:26', NULL),
(559, 3, '2025-12-18', '19:00:00', '20:00:00', 80000.00, 'tersedia', '2025-12-14 05:08:26', NULL),
(560, 3, '2025-12-18', '20:00:00', '21:00:00', 80000.00, 'tersedia', '2025-12-14 05:08:26', NULL),
(561, 3, '2025-12-18', '21:00:00', '22:00:00', 80000.00, 'tersedia', '2025-12-14 05:08:26', NULL),
(562, 4, '2025-12-18', '08:00:00', '09:00:00', 90000.00, 'tersedia', '2025-12-14 05:08:26', NULL),
(563, 4, '2025-12-18', '09:00:00', '10:00:00', 90000.00, 'tersedia', '2025-12-14 05:08:26', NULL),
(564, 4, '2025-12-18', '10:00:00', '11:00:00', 90000.00, 'tersedia', '2025-12-14 05:08:26', NULL),
(565, 4, '2025-12-18', '11:00:00', '12:00:00', 90000.00, 'tersedia', '2025-12-14 05:08:26', NULL),
(566, 4, '2025-12-18', '13:00:00', '14:00:00', 90000.00, 'tersedia', '2025-12-14 05:08:26', NULL),
(567, 4, '2025-12-18', '14:00:00', '15:00:00', 90000.00, 'tersedia', '2025-12-14 05:08:26', NULL),
(568, 4, '2025-12-18', '15:00:00', '16:00:00', 90000.00, 'tersedia', '2025-12-14 05:08:26', NULL),
(569, 4, '2025-12-18', '16:00:00', '17:00:00', 90000.00, 'tersedia', '2025-12-14 05:08:26', NULL),
(570, 4, '2025-12-18', '17:00:00', '18:00:00', 90000.00, 'tersedia', '2025-12-14 05:08:26', NULL),
(571, 4, '2025-12-18', '18:00:00', '19:00:00', 90000.00, 'tersedia', '2025-12-14 05:08:26', NULL),
(572, 4, '2025-12-18', '19:00:00', '20:00:00', 90000.00, 'tersedia', '2025-12-14 05:08:26', NULL),
(573, 4, '2025-12-18', '20:00:00', '21:00:00', 90000.00, 'tersedia', '2025-12-14 05:08:26', NULL),
(574, 4, '2025-12-18', '21:00:00', '22:00:00', 90000.00, 'tersedia', '2025-12-14 05:08:26', NULL),
(575, 5, '2025-12-18', '08:00:00', '09:00:00', 75000.00, 'tersedia', '2025-12-14 05:08:26', NULL),
(576, 5, '2025-12-18', '09:00:00', '10:00:00', 75000.00, 'tersedia', '2025-12-14 05:08:26', NULL),
(577, 5, '2025-12-18', '10:00:00', '11:00:00', 75000.00, 'tersedia', '2025-12-14 05:08:26', NULL),
(578, 5, '2025-12-18', '11:00:00', '12:00:00', 75000.00, 'tersedia', '2025-12-14 05:08:26', NULL),
(579, 5, '2025-12-18', '13:00:00', '14:00:00', 75000.00, 'tersedia', '2025-12-14 05:08:26', NULL),
(580, 5, '2025-12-18', '14:00:00', '15:00:00', 75000.00, 'tersedia', '2025-12-14 05:08:26', NULL),
(581, 5, '2025-12-18', '15:00:00', '16:00:00', 75000.00, 'tersedia', '2025-12-14 05:08:26', NULL),
(582, 5, '2025-12-18', '16:00:00', '17:00:00', 75000.00, 'tersedia', '2025-12-14 05:08:26', NULL),
(583, 5, '2025-12-18', '17:00:00', '18:00:00', 75000.00, 'tersedia', '2025-12-14 05:08:26', NULL),
(584, 5, '2025-12-18', '18:00:00', '19:00:00', 75000.00, 'tersedia', '2025-12-14 05:08:26', NULL),
(585, 5, '2025-12-18', '19:00:00', '20:00:00', 75000.00, 'tersedia', '2025-12-14 05:08:26', NULL),
(586, 5, '2025-12-18', '20:00:00', '21:00:00', 75000.00, 'tersedia', '2025-12-14 05:08:26', NULL),
(587, 5, '2025-12-18', '21:00:00', '22:00:00', 75000.00, 'tersedia', '2025-12-14 05:08:26', NULL),
(588, 6, '2025-12-18', '08:00:00', '09:00:00', 120000.00, 'tersedia', '2025-12-14 05:08:26', NULL),
(589, 6, '2025-12-18', '09:00:00', '10:00:00', 120000.00, 'tersedia', '2025-12-14 05:08:26', NULL),
(590, 6, '2025-12-18', '10:00:00', '11:00:00', 120000.00, 'tersedia', '2025-12-14 05:08:26', NULL),
(591, 6, '2025-12-18', '11:00:00', '12:00:00', 120000.00, 'tersedia', '2025-12-14 05:08:26', NULL),
(592, 6, '2025-12-18', '13:00:00', '14:00:00', 120000.00, 'tersedia', '2025-12-14 05:08:26', NULL),
(593, 6, '2025-12-18', '14:00:00', '15:00:00', 120000.00, 'tersedia', '2025-12-14 05:08:26', NULL),
(594, 6, '2025-12-18', '15:00:00', '16:00:00', 120000.00, 'tersedia', '2025-12-14 05:08:26', NULL),
(595, 6, '2025-12-18', '16:00:00', '17:00:00', 120000.00, 'tersedia', '2025-12-14 05:08:26', NULL),
(596, 6, '2025-12-18', '17:00:00', '18:00:00', 120000.00, 'tersedia', '2025-12-14 05:08:26', NULL),
(597, 6, '2025-12-18', '18:00:00', '19:00:00', 120000.00, 'tersedia', '2025-12-14 05:08:26', NULL),
(598, 6, '2025-12-18', '19:00:00', '20:00:00', 120000.00, 'tersedia', '2025-12-14 05:08:26', NULL),
(599, 6, '2025-12-18', '20:00:00', '21:00:00', 120000.00, 'tersedia', '2025-12-14 05:08:26', NULL),
(600, 6, '2025-12-18', '21:00:00', '22:00:00', 120000.00, 'tersedia', '2025-12-14 05:08:26', NULL),
(601, 7, '2025-12-18', '08:00:00', '09:00:00', 100000.00, 'tersedia', '2025-12-14 05:08:26', NULL),
(602, 7, '2025-12-18', '09:00:00', '10:00:00', 100000.00, 'tersedia', '2025-12-14 05:08:26', NULL),
(603, 7, '2025-12-18', '10:00:00', '11:00:00', 100000.00, 'tersedia', '2025-12-14 05:08:26', NULL),
(604, 7, '2025-12-18', '11:00:00', '12:00:00', 100000.00, 'tersedia', '2025-12-14 05:08:26', NULL),
(605, 7, '2025-12-18', '13:00:00', '14:00:00', 100000.00, 'tersedia', '2025-12-14 05:08:26', NULL),
(606, 7, '2025-12-18', '14:00:00', '15:00:00', 100000.00, 'tersedia', '2025-12-14 05:08:26', NULL),
(607, 7, '2025-12-18', '15:00:00', '16:00:00', 100000.00, 'tersedia', '2025-12-14 05:08:26', NULL),
(608, 7, '2025-12-18', '16:00:00', '17:00:00', 100000.00, 'tersedia', '2025-12-14 05:08:26', NULL),
(609, 7, '2025-12-18', '17:00:00', '18:00:00', 100000.00, 'tersedia', '2025-12-14 05:08:26', NULL),
(610, 7, '2025-12-18', '18:00:00', '19:00:00', 100000.00, 'tersedia', '2025-12-14 05:08:26', NULL),
(611, 7, '2025-12-18', '19:00:00', '20:00:00', 100000.00, 'tersedia', '2025-12-14 05:08:26', NULL),
(612, 7, '2025-12-18', '20:00:00', '21:00:00', 100000.00, 'tersedia', '2025-12-14 05:08:26', NULL),
(613, 7, '2025-12-18', '21:00:00', '22:00:00', 100000.00, 'tersedia', '2025-12-14 05:08:26', NULL),
(614, 8, '2025-12-18', '08:00:00', '09:00:00', 200000.00, 'tersedia', '2025-12-14 05:08:26', NULL),
(615, 8, '2025-12-18', '09:00:00', '10:00:00', 200000.00, 'tersedia', '2025-12-14 05:08:26', NULL),
(616, 8, '2025-12-18', '10:00:00', '11:00:00', 200000.00, 'tersedia', '2025-12-14 05:08:26', NULL),
(617, 8, '2025-12-18', '11:00:00', '12:00:00', 200000.00, 'tersedia', '2025-12-14 05:08:26', NULL),
(618, 8, '2025-12-18', '13:00:00', '14:00:00', 200000.00, 'tersedia', '2025-12-14 05:08:26', NULL),
(619, 8, '2025-12-18', '14:00:00', '15:00:00', 200000.00, 'tersedia', '2025-12-14 05:08:26', NULL),
(620, 8, '2025-12-18', '15:00:00', '16:00:00', 200000.00, 'tersedia', '2025-12-14 05:08:26', NULL),
(621, 8, '2025-12-18', '16:00:00', '17:00:00', 200000.00, 'tersedia', '2025-12-14 05:08:26', NULL),
(622, 8, '2025-12-18', '17:00:00', '18:00:00', 200000.00, 'tersedia', '2025-12-14 05:08:26', NULL),
(623, 8, '2025-12-18', '18:00:00', '19:00:00', 200000.00, 'tersedia', '2025-12-14 05:08:26', NULL),
(624, 8, '2025-12-18', '19:00:00', '20:00:00', 200000.00, 'tersedia', '2025-12-14 05:08:26', NULL),
(625, 8, '2025-12-18', '20:00:00', '21:00:00', 200000.00, 'tersedia', '2025-12-14 05:08:26', NULL),
(626, 8, '2025-12-18', '21:00:00', '22:00:00', 200000.00, 'tersedia', '2025-12-14 05:08:26', NULL),
(627, 9, '2025-12-18', '08:00:00', '09:00:00', 120000.00, 'tersedia', '2025-12-14 05:08:26', NULL),
(628, 9, '2025-12-18', '09:00:00', '10:00:00', 120000.00, 'tersedia', '2025-12-14 05:08:26', NULL),
(629, 9, '2025-12-18', '10:00:00', '11:00:00', 120000.00, 'tersedia', '2025-12-14 05:08:26', NULL),
(630, 9, '2025-12-18', '11:00:00', '12:00:00', 120000.00, 'tersedia', '2025-12-14 05:08:27', NULL),
(631, 9, '2025-12-18', '13:00:00', '14:00:00', 120000.00, 'tersedia', '2025-12-14 05:08:27', NULL),
(632, 9, '2025-12-18', '14:00:00', '15:00:00', 120000.00, 'tersedia', '2025-12-14 05:08:27', NULL),
(633, 9, '2025-12-18', '15:00:00', '16:00:00', 120000.00, 'tersedia', '2025-12-14 05:08:27', NULL),
(634, 9, '2025-12-18', '16:00:00', '17:00:00', 120000.00, 'tersedia', '2025-12-14 05:08:27', NULL),
(635, 9, '2025-12-18', '17:00:00', '18:00:00', 120000.00, 'tersedia', '2025-12-14 05:08:27', NULL),
(636, 9, '2025-12-18', '18:00:00', '19:00:00', 120000.00, 'tersedia', '2025-12-14 05:08:27', NULL),
(637, 9, '2025-12-18', '19:00:00', '20:00:00', 120000.00, 'tersedia', '2025-12-14 05:08:27', NULL),
(638, 9, '2025-12-18', '20:00:00', '21:00:00', 120000.00, 'tersedia', '2025-12-14 05:08:27', NULL),
(639, 9, '2025-12-18', '21:00:00', '22:00:00', 120000.00, 'tersedia', '2025-12-14 05:08:27', NULL),
(640, 10, '2025-12-18', '08:00:00', '09:00:00', 150000.00, 'tersedia', '2025-12-14 05:08:27', NULL),
(641, 10, '2025-12-18', '09:00:00', '10:00:00', 150000.00, 'tersedia', '2025-12-14 05:08:27', NULL),
(642, 10, '2025-12-18', '10:00:00', '11:00:00', 150000.00, 'tersedia', '2025-12-14 05:08:27', NULL),
(643, 10, '2025-12-18', '11:00:00', '12:00:00', 150000.00, 'tersedia', '2025-12-14 05:08:27', NULL),
(644, 10, '2025-12-18', '13:00:00', '14:00:00', 150000.00, 'tersedia', '2025-12-14 05:08:27', NULL),
(645, 10, '2025-12-18', '14:00:00', '15:00:00', 150000.00, 'tersedia', '2025-12-14 05:08:27', NULL),
(646, 10, '2025-12-18', '15:00:00', '16:00:00', 150000.00, 'tersedia', '2025-12-14 05:08:27', NULL),
(647, 10, '2025-12-18', '16:00:00', '17:00:00', 150000.00, 'tersedia', '2025-12-14 05:08:27', NULL),
(648, 10, '2025-12-18', '17:00:00', '18:00:00', 150000.00, 'tersedia', '2025-12-14 05:08:27', NULL),
(649, 10, '2025-12-18', '18:00:00', '19:00:00', 150000.00, 'tersedia', '2025-12-14 05:08:27', NULL),
(650, 10, '2025-12-18', '19:00:00', '20:00:00', 150000.00, 'tersedia', '2025-12-14 05:08:27', NULL),
(651, 10, '2025-12-18', '20:00:00', '21:00:00', 150000.00, 'tersedia', '2025-12-14 05:08:27', NULL),
(652, 10, '2025-12-18', '21:00:00', '22:00:00', 150000.00, 'tersedia', '2025-12-14 05:08:27', NULL),
(653, 1, '2025-12-19', '08:00:00', '09:00:00', 150000.00, 'tersedia', '2025-12-14 05:08:27', NULL),
(654, 1, '2025-12-19', '09:00:00', '10:00:00', 150000.00, 'tersedia', '2025-12-14 05:08:27', NULL),
(655, 1, '2025-12-19', '10:00:00', '11:00:00', 150000.00, 'tersedia', '2025-12-14 05:08:27', NULL),
(656, 1, '2025-12-19', '11:00:00', '12:00:00', 150000.00, 'tersedia', '2025-12-14 05:08:27', NULL),
(657, 1, '2025-12-19', '13:00:00', '14:00:00', 150000.00, 'tersedia', '2025-12-14 05:08:27', NULL),
(658, 1, '2025-12-19', '14:00:00', '15:00:00', 150000.00, 'tersedia', '2025-12-14 05:08:27', NULL),
(659, 1, '2025-12-19', '15:00:00', '16:00:00', 150000.00, 'tersedia', '2025-12-14 05:08:27', NULL),
(660, 1, '2025-12-19', '16:00:00', '17:00:00', 150000.00, 'tersedia', '2025-12-14 05:08:27', NULL),
(661, 1, '2025-12-19', '17:00:00', '18:00:00', 150000.00, 'tersedia', '2025-12-14 05:08:27', NULL),
(662, 1, '2025-12-19', '18:00:00', '19:00:00', 150000.00, 'tersedia', '2025-12-14 05:08:27', NULL),
(663, 1, '2025-12-19', '19:00:00', '20:00:00', 150000.00, 'tersedia', '2025-12-14 05:08:27', NULL),
(664, 1, '2025-12-19', '20:00:00', '21:00:00', 150000.00, 'tersedia', '2025-12-14 05:08:27', NULL),
(665, 1, '2025-12-19', '21:00:00', '22:00:00', 150000.00, 'tersedia', '2025-12-14 05:08:27', NULL),
(666, 2, '2025-12-19', '08:00:00', '09:00:00', 130000.00, 'tersedia', '2025-12-14 05:08:27', NULL),
(667, 2, '2025-12-19', '09:00:00', '10:00:00', 130000.00, 'tersedia', '2025-12-14 05:08:27', NULL),
(668, 2, '2025-12-19', '10:00:00', '11:00:00', 130000.00, 'tersedia', '2025-12-14 05:08:27', NULL),
(669, 2, '2025-12-19', '11:00:00', '12:00:00', 130000.00, 'tersedia', '2025-12-14 05:08:27', NULL),
(670, 2, '2025-12-19', '13:00:00', '14:00:00', 130000.00, 'tersedia', '2025-12-14 05:08:27', NULL),
(671, 2, '2025-12-19', '14:00:00', '15:00:00', 130000.00, 'tersedia', '2025-12-14 05:08:27', NULL),
(672, 2, '2025-12-19', '15:00:00', '16:00:00', 130000.00, 'tersedia', '2025-12-14 05:08:27', NULL),
(673, 2, '2025-12-19', '16:00:00', '17:00:00', 130000.00, 'tersedia', '2025-12-14 05:08:27', NULL),
(674, 2, '2025-12-19', '17:00:00', '18:00:00', 130000.00, 'tersedia', '2025-12-14 05:08:27', NULL),
(675, 2, '2025-12-19', '18:00:00', '19:00:00', 130000.00, 'tersedia', '2025-12-14 05:08:27', NULL),
(676, 2, '2025-12-19', '19:00:00', '20:00:00', 130000.00, 'tersedia', '2025-12-14 05:08:27', NULL),
(677, 2, '2025-12-19', '20:00:00', '21:00:00', 130000.00, 'tersedia', '2025-12-14 05:08:27', NULL),
(678, 2, '2025-12-19', '21:00:00', '22:00:00', 130000.00, 'tersedia', '2025-12-14 05:08:27', NULL),
(679, 3, '2025-12-19', '08:00:00', '09:00:00', 80000.00, 'tersedia', '2025-12-14 05:08:27', NULL),
(680, 3, '2025-12-19', '09:00:00', '10:00:00', 80000.00, 'tersedia', '2025-12-14 05:08:27', NULL),
(681, 3, '2025-12-19', '10:00:00', '11:00:00', 80000.00, 'tersedia', '2025-12-14 05:08:27', NULL),
(682, 3, '2025-12-19', '11:00:00', '12:00:00', 80000.00, 'tersedia', '2025-12-14 05:08:27', NULL),
(683, 3, '2025-12-19', '13:00:00', '14:00:00', 80000.00, 'tersedia', '2025-12-14 05:08:27', NULL),
(684, 3, '2025-12-19', '14:00:00', '15:00:00', 80000.00, 'tersedia', '2025-12-14 05:08:27', NULL),
(685, 3, '2025-12-19', '15:00:00', '16:00:00', 80000.00, 'tersedia', '2025-12-14 05:08:27', NULL),
(686, 3, '2025-12-19', '16:00:00', '17:00:00', 80000.00, 'tersedia', '2025-12-14 05:08:27', NULL),
(687, 3, '2025-12-19', '17:00:00', '18:00:00', 80000.00, 'tersedia', '2025-12-14 05:08:27', NULL),
(688, 3, '2025-12-19', '18:00:00', '19:00:00', 80000.00, 'tersedia', '2025-12-14 05:08:27', NULL),
(689, 3, '2025-12-19', '19:00:00', '20:00:00', 80000.00, 'tersedia', '2025-12-14 05:08:27', NULL),
(690, 3, '2025-12-19', '20:00:00', '21:00:00', 80000.00, 'tersedia', '2025-12-14 05:08:27', NULL),
(691, 3, '2025-12-19', '21:00:00', '22:00:00', 80000.00, 'tersedia', '2025-12-14 05:08:27', NULL),
(692, 4, '2025-12-19', '08:00:00', '09:00:00', 90000.00, 'tersedia', '2025-12-14 05:08:27', NULL),
(693, 4, '2025-12-19', '09:00:00', '10:00:00', 90000.00, 'tersedia', '2025-12-14 05:08:27', NULL),
(694, 4, '2025-12-19', '10:00:00', '11:00:00', 90000.00, 'tersedia', '2025-12-14 05:08:27', NULL),
(695, 4, '2025-12-19', '11:00:00', '12:00:00', 90000.00, 'tersedia', '2025-12-14 05:08:27', NULL),
(696, 4, '2025-12-19', '13:00:00', '14:00:00', 90000.00, 'tersedia', '2025-12-14 05:08:27', NULL),
(697, 4, '2025-12-19', '14:00:00', '15:00:00', 90000.00, 'tersedia', '2025-12-14 05:08:27', NULL),
(698, 4, '2025-12-19', '15:00:00', '16:00:00', 90000.00, 'tersedia', '2025-12-14 05:08:27', NULL),
(699, 4, '2025-12-19', '16:00:00', '17:00:00', 90000.00, 'tersedia', '2025-12-14 05:08:27', NULL),
(700, 4, '2025-12-19', '17:00:00', '18:00:00', 90000.00, 'tersedia', '2025-12-14 05:08:27', NULL),
(701, 4, '2025-12-19', '18:00:00', '19:00:00', 90000.00, 'tersedia', '2025-12-14 05:08:27', NULL),
(702, 4, '2025-12-19', '19:00:00', '20:00:00', 90000.00, 'tersedia', '2025-12-14 05:08:27', NULL),
(703, 4, '2025-12-19', '20:00:00', '21:00:00', 90000.00, 'tersedia', '2025-12-14 05:08:27', NULL),
(704, 4, '2025-12-19', '21:00:00', '22:00:00', 90000.00, 'tersedia', '2025-12-14 05:08:27', NULL),
(705, 5, '2025-12-19', '08:00:00', '09:00:00', 75000.00, 'tersedia', '2025-12-14 05:08:27', NULL),
(706, 5, '2025-12-19', '09:00:00', '10:00:00', 75000.00, 'tersedia', '2025-12-14 05:08:27', NULL),
(707, 5, '2025-12-19', '10:00:00', '11:00:00', 75000.00, 'tersedia', '2025-12-14 05:08:27', NULL),
(708, 5, '2025-12-19', '11:00:00', '12:00:00', 75000.00, 'tersedia', '2025-12-14 05:08:27', NULL),
(709, 5, '2025-12-19', '13:00:00', '14:00:00', 75000.00, 'tersedia', '2025-12-14 05:08:27', NULL),
(710, 5, '2025-12-19', '14:00:00', '15:00:00', 75000.00, 'tersedia', '2025-12-14 05:08:27', NULL),
(711, 5, '2025-12-19', '15:00:00', '16:00:00', 75000.00, 'tersedia', '2025-12-14 05:08:27', NULL),
(712, 5, '2025-12-19', '16:00:00', '17:00:00', 75000.00, 'tersedia', '2025-12-14 05:08:27', NULL),
(713, 5, '2025-12-19', '17:00:00', '18:00:00', 75000.00, 'tersedia', '2025-12-14 05:08:27', NULL),
(714, 5, '2025-12-19', '18:00:00', '19:00:00', 75000.00, 'tersedia', '2025-12-14 05:08:27', NULL),
(715, 5, '2025-12-19', '19:00:00', '20:00:00', 75000.00, 'tersedia', '2025-12-14 05:08:27', NULL),
(716, 5, '2025-12-19', '20:00:00', '21:00:00', 75000.00, 'tersedia', '2025-12-14 05:08:27', NULL),
(717, 5, '2025-12-19', '21:00:00', '22:00:00', 75000.00, 'tersedia', '2025-12-14 05:08:27', NULL),
(718, 6, '2025-12-19', '08:00:00', '09:00:00', 120000.00, 'tersedia', '2025-12-14 05:08:27', NULL),
(719, 6, '2025-12-19', '09:00:00', '10:00:00', 120000.00, 'tersedia', '2025-12-14 05:08:27', NULL),
(720, 6, '2025-12-19', '10:00:00', '11:00:00', 120000.00, 'tersedia', '2025-12-14 05:08:27', NULL),
(721, 6, '2025-12-19', '11:00:00', '12:00:00', 120000.00, 'tersedia', '2025-12-14 05:08:27', NULL),
(722, 6, '2025-12-19', '13:00:00', '14:00:00', 120000.00, 'tersedia', '2025-12-14 05:08:27', NULL),
(723, 6, '2025-12-19', '14:00:00', '15:00:00', 120000.00, 'tersedia', '2025-12-14 05:08:27', NULL),
(724, 6, '2025-12-19', '15:00:00', '16:00:00', 120000.00, 'tersedia', '2025-12-14 05:08:27', NULL),
(725, 6, '2025-12-19', '16:00:00', '17:00:00', 120000.00, 'tersedia', '2025-12-14 05:08:27', NULL),
(726, 6, '2025-12-19', '17:00:00', '18:00:00', 120000.00, 'tersedia', '2025-12-14 05:08:27', NULL),
(727, 6, '2025-12-19', '18:00:00', '19:00:00', 120000.00, 'tersedia', '2025-12-14 05:08:27', NULL),
(728, 6, '2025-12-19', '19:00:00', '20:00:00', 120000.00, 'tersedia', '2025-12-14 05:08:27', NULL),
(729, 6, '2025-12-19', '20:00:00', '21:00:00', 120000.00, 'tersedia', '2025-12-14 05:08:27', NULL),
(730, 6, '2025-12-19', '21:00:00', '22:00:00', 120000.00, 'tersedia', '2025-12-14 05:08:27', NULL),
(731, 7, '2025-12-19', '08:00:00', '09:00:00', 100000.00, 'tersedia', '2025-12-14 05:08:27', NULL),
(732, 7, '2025-12-19', '09:00:00', '10:00:00', 100000.00, 'tersedia', '2025-12-14 05:08:27', NULL),
(733, 7, '2025-12-19', '10:00:00', '11:00:00', 100000.00, 'tersedia', '2025-12-14 05:08:27', NULL),
(734, 7, '2025-12-19', '11:00:00', '12:00:00', 100000.00, 'tersedia', '2025-12-14 05:08:27', NULL),
(735, 7, '2025-12-19', '13:00:00', '14:00:00', 100000.00, 'tersedia', '2025-12-14 05:08:27', NULL),
(736, 7, '2025-12-19', '14:00:00', '15:00:00', 100000.00, 'tersedia', '2025-12-14 05:08:27', NULL),
(737, 7, '2025-12-19', '15:00:00', '16:00:00', 100000.00, 'tersedia', '2025-12-14 05:08:27', NULL),
(738, 7, '2025-12-19', '16:00:00', '17:00:00', 100000.00, 'tersedia', '2025-12-14 05:08:27', NULL),
(739, 7, '2025-12-19', '17:00:00', '18:00:00', 100000.00, 'tersedia', '2025-12-14 05:08:27', NULL),
(740, 7, '2025-12-19', '18:00:00', '19:00:00', 100000.00, 'tersedia', '2025-12-14 05:08:27', NULL),
(741, 7, '2025-12-19', '19:00:00', '20:00:00', 100000.00, 'tersedia', '2025-12-14 05:08:27', NULL),
(742, 7, '2025-12-19', '20:00:00', '21:00:00', 100000.00, 'tersedia', '2025-12-14 05:08:27', NULL),
(743, 7, '2025-12-19', '21:00:00', '22:00:00', 100000.00, 'tersedia', '2025-12-14 05:08:27', NULL),
(744, 8, '2025-12-19', '08:00:00', '09:00:00', 200000.00, 'tersedia', '2025-12-14 05:08:27', NULL),
(745, 8, '2025-12-19', '09:00:00', '10:00:00', 200000.00, 'tersedia', '2025-12-14 05:08:27', NULL),
(746, 8, '2025-12-19', '10:00:00', '11:00:00', 200000.00, 'tersedia', '2025-12-14 05:08:27', NULL),
(747, 8, '2025-12-19', '11:00:00', '12:00:00', 200000.00, 'tersedia', '2025-12-14 05:08:27', NULL),
(748, 8, '2025-12-19', '13:00:00', '14:00:00', 200000.00, 'tersedia', '2025-12-14 05:08:27', NULL),
(749, 8, '2025-12-19', '14:00:00', '15:00:00', 200000.00, 'tersedia', '2025-12-14 05:08:27', NULL),
(750, 8, '2025-12-19', '15:00:00', '16:00:00', 200000.00, 'tersedia', '2025-12-14 05:08:27', NULL),
(751, 8, '2025-12-19', '16:00:00', '17:00:00', 200000.00, 'tersedia', '2025-12-14 05:08:27', NULL),
(752, 8, '2025-12-19', '17:00:00', '18:00:00', 200000.00, 'tersedia', '2025-12-14 05:08:27', NULL),
(753, 8, '2025-12-19', '18:00:00', '19:00:00', 200000.00, 'tersedia', '2025-12-14 05:08:27', NULL),
(754, 8, '2025-12-19', '19:00:00', '20:00:00', 200000.00, 'tersedia', '2025-12-14 05:08:27', NULL),
(755, 8, '2025-12-19', '20:00:00', '21:00:00', 200000.00, 'tersedia', '2025-12-14 05:08:27', NULL),
(756, 8, '2025-12-19', '21:00:00', '22:00:00', 200000.00, 'tersedia', '2025-12-14 05:08:27', NULL),
(757, 9, '2025-12-19', '08:00:00', '09:00:00', 120000.00, 'tersedia', '2025-12-14 05:08:27', NULL),
(758, 9, '2025-12-19', '09:00:00', '10:00:00', 120000.00, 'tersedia', '2025-12-14 05:08:27', NULL),
(759, 9, '2025-12-19', '10:00:00', '11:00:00', 120000.00, 'tersedia', '2025-12-14 05:08:27', NULL),
(760, 9, '2025-12-19', '11:00:00', '12:00:00', 120000.00, 'tersedia', '2025-12-14 05:08:27', NULL),
(761, 9, '2025-12-19', '13:00:00', '14:00:00', 120000.00, 'tersedia', '2025-12-14 05:08:27', NULL),
(762, 9, '2025-12-19', '14:00:00', '15:00:00', 120000.00, 'tersedia', '2025-12-14 05:08:27', NULL),
(763, 9, '2025-12-19', '15:00:00', '16:00:00', 120000.00, 'tersedia', '2025-12-14 05:08:27', NULL),
(764, 9, '2025-12-19', '16:00:00', '17:00:00', 120000.00, 'tersedia', '2025-12-14 05:08:27', NULL),
(765, 9, '2025-12-19', '17:00:00', '18:00:00', 120000.00, 'tersedia', '2025-12-14 05:08:27', NULL),
(766, 9, '2025-12-19', '18:00:00', '19:00:00', 120000.00, 'tersedia', '2025-12-14 05:08:27', NULL),
(767, 9, '2025-12-19', '19:00:00', '20:00:00', 120000.00, 'tersedia', '2025-12-14 05:08:27', NULL),
(768, 9, '2025-12-19', '20:00:00', '21:00:00', 120000.00, 'tersedia', '2025-12-14 05:08:27', NULL),
(769, 9, '2025-12-19', '21:00:00', '22:00:00', 120000.00, 'tersedia', '2025-12-14 05:08:27', NULL),
(770, 10, '2025-12-19', '08:00:00', '09:00:00', 150000.00, 'tersedia', '2025-12-14 05:08:27', NULL),
(771, 10, '2025-12-19', '09:00:00', '10:00:00', 150000.00, 'tersedia', '2025-12-14 05:08:27', NULL),
(772, 10, '2025-12-19', '10:00:00', '11:00:00', 150000.00, 'tersedia', '2025-12-14 05:08:27', NULL),
(773, 10, '2025-12-19', '11:00:00', '12:00:00', 150000.00, 'tersedia', '2025-12-14 05:08:27', NULL),
(774, 10, '2025-12-19', '13:00:00', '14:00:00', 150000.00, 'tersedia', '2025-12-14 05:08:27', NULL),
(775, 10, '2025-12-19', '14:00:00', '15:00:00', 150000.00, 'tersedia', '2025-12-14 05:08:27', NULL),
(776, 10, '2025-12-19', '15:00:00', '16:00:00', 150000.00, 'tersedia', '2025-12-14 05:08:27', NULL),
(777, 10, '2025-12-19', '16:00:00', '17:00:00', 150000.00, 'tersedia', '2025-12-14 05:08:27', NULL),
(778, 10, '2025-12-19', '17:00:00', '18:00:00', 150000.00, 'tersedia', '2025-12-14 05:08:27', NULL),
(779, 10, '2025-12-19', '18:00:00', '19:00:00', 150000.00, 'tersedia', '2025-12-14 05:08:27', NULL),
(780, 10, '2025-12-19', '19:00:00', '20:00:00', 150000.00, 'tersedia', '2025-12-14 05:08:27', NULL),
(781, 10, '2025-12-19', '20:00:00', '21:00:00', 150000.00, 'tersedia', '2025-12-14 05:08:27', NULL),
(782, 10, '2025-12-19', '21:00:00', '22:00:00', 150000.00, 'tersedia', '2025-12-14 05:08:27', NULL),
(783, 1, '2025-12-20', '08:00:00', '09:00:00', 150000.00, 'tersedia', '2025-12-14 05:08:27', NULL),
(784, 1, '2025-12-20', '09:00:00', '10:00:00', 150000.00, 'tersedia', '2025-12-14 05:08:27', NULL),
(785, 1, '2025-12-20', '10:00:00', '11:00:00', 150000.00, 'tersedia', '2025-12-14 05:08:27', NULL),
(786, 1, '2025-12-20', '11:00:00', '12:00:00', 150000.00, 'tersedia', '2025-12-14 05:08:27', NULL),
(787, 1, '2025-12-20', '13:00:00', '14:00:00', 150000.00, 'tersedia', '2025-12-14 05:08:27', NULL),
(788, 1, '2025-12-20', '14:00:00', '15:00:00', 150000.00, 'tersedia', '2025-12-14 05:08:27', NULL),
(789, 1, '2025-12-20', '15:00:00', '16:00:00', 150000.00, 'tersedia', '2025-12-14 05:08:27', NULL),
(790, 1, '2025-12-20', '16:00:00', '17:00:00', 150000.00, 'tersedia', '2025-12-14 05:08:27', NULL),
(791, 1, '2025-12-20', '17:00:00', '18:00:00', 150000.00, 'tersedia', '2025-12-14 05:08:27', NULL),
(792, 1, '2025-12-20', '18:00:00', '19:00:00', 150000.00, 'tersedia', '2025-12-14 05:08:27', NULL),
(793, 1, '2025-12-20', '19:00:00', '20:00:00', 150000.00, 'tersedia', '2025-12-14 05:08:27', NULL),
(794, 1, '2025-12-20', '20:00:00', '21:00:00', 150000.00, 'tersedia', '2025-12-14 05:08:27', NULL),
(795, 1, '2025-12-20', '21:00:00', '22:00:00', 150000.00, 'tersedia', '2025-12-14 05:08:27', NULL),
(796, 2, '2025-12-20', '08:00:00', '09:00:00', 130000.00, 'tersedia', '2025-12-14 05:08:27', NULL),
(797, 2, '2025-12-20', '09:00:00', '10:00:00', 130000.00, 'tersedia', '2025-12-14 05:08:27', NULL),
(798, 2, '2025-12-20', '10:00:00', '11:00:00', 130000.00, 'tersedia', '2025-12-14 05:08:27', NULL),
(799, 2, '2025-12-20', '11:00:00', '12:00:00', 130000.00, 'tersedia', '2025-12-14 05:08:27', NULL),
(800, 2, '2025-12-20', '13:00:00', '14:00:00', 130000.00, 'tersedia', '2025-12-14 05:08:27', NULL),
(801, 2, '2025-12-20', '14:00:00', '15:00:00', 130000.00, 'tersedia', '2025-12-14 05:08:27', NULL),
(802, 2, '2025-12-20', '15:00:00', '16:00:00', 130000.00, 'tersedia', '2025-12-14 05:08:27', NULL),
(803, 2, '2025-12-20', '16:00:00', '17:00:00', 130000.00, 'tersedia', '2025-12-14 05:08:27', NULL),
(804, 2, '2025-12-20', '17:00:00', '18:00:00', 130000.00, 'tersedia', '2025-12-14 05:08:27', NULL),
(805, 2, '2025-12-20', '18:00:00', '19:00:00', 130000.00, 'tersedia', '2025-12-14 05:08:27', NULL),
(806, 2, '2025-12-20', '19:00:00', '20:00:00', 130000.00, 'tersedia', '2025-12-14 05:08:27', NULL),
(807, 2, '2025-12-20', '20:00:00', '21:00:00', 130000.00, 'tersedia', '2025-12-14 05:08:27', NULL),
(808, 2, '2025-12-20', '21:00:00', '22:00:00', 130000.00, 'tersedia', '2025-12-14 05:08:27', NULL),
(809, 3, '2025-12-20', '08:00:00', '09:00:00', 80000.00, 'tersedia', '2025-12-14 05:08:27', NULL),
(810, 3, '2025-12-20', '09:00:00', '10:00:00', 80000.00, 'tersedia', '2025-12-14 05:08:27', NULL),
(811, 3, '2025-12-20', '10:00:00', '11:00:00', 80000.00, 'tersedia', '2025-12-14 05:08:27', NULL),
(812, 3, '2025-12-20', '11:00:00', '12:00:00', 80000.00, 'tersedia', '2025-12-14 05:08:27', NULL),
(813, 3, '2025-12-20', '13:00:00', '14:00:00', 80000.00, 'tersedia', '2025-12-14 05:08:27', NULL),
(814, 3, '2025-12-20', '14:00:00', '15:00:00', 80000.00, 'tersedia', '2025-12-14 05:08:27', NULL),
(815, 3, '2025-12-20', '15:00:00', '16:00:00', 80000.00, 'tersedia', '2025-12-14 05:08:27', NULL),
(816, 3, '2025-12-20', '16:00:00', '17:00:00', 80000.00, 'tersedia', '2025-12-14 05:08:27', NULL),
(817, 3, '2025-12-20', '17:00:00', '18:00:00', 80000.00, 'tersedia', '2025-12-14 05:08:27', NULL),
(818, 3, '2025-12-20', '18:00:00', '19:00:00', 80000.00, 'tersedia', '2025-12-14 05:08:27', NULL),
(819, 3, '2025-12-20', '19:00:00', '20:00:00', 80000.00, 'tersedia', '2025-12-14 05:08:27', NULL),
(820, 3, '2025-12-20', '20:00:00', '21:00:00', 80000.00, 'tersedia', '2025-12-14 05:08:27', NULL),
(821, 3, '2025-12-20', '21:00:00', '22:00:00', 80000.00, 'tersedia', '2025-12-14 05:08:27', NULL),
(822, 4, '2025-12-20', '08:00:00', '09:00:00', 90000.00, 'tersedia', '2025-12-14 05:08:27', NULL),
(823, 4, '2025-12-20', '09:00:00', '10:00:00', 90000.00, 'tersedia', '2025-12-14 05:08:27', NULL),
(824, 4, '2025-12-20', '10:00:00', '11:00:00', 90000.00, 'tersedia', '2025-12-14 05:08:27', NULL),
(825, 4, '2025-12-20', '11:00:00', '12:00:00', 90000.00, 'tersedia', '2025-12-14 05:08:27', NULL),
(826, 4, '2025-12-20', '13:00:00', '14:00:00', 90000.00, 'tersedia', '2025-12-14 05:08:27', NULL),
(827, 4, '2025-12-20', '14:00:00', '15:00:00', 90000.00, 'tersedia', '2025-12-14 05:08:27', NULL),
(828, 4, '2025-12-20', '15:00:00', '16:00:00', 90000.00, 'tersedia', '2025-12-14 05:08:27', NULL),
(829, 4, '2025-12-20', '16:00:00', '17:00:00', 90000.00, 'tersedia', '2025-12-14 05:08:27', NULL),
(830, 4, '2025-12-20', '17:00:00', '18:00:00', 90000.00, 'tersedia', '2025-12-14 05:08:27', NULL),
(831, 4, '2025-12-20', '18:00:00', '19:00:00', 90000.00, 'tersedia', '2025-12-14 05:08:27', NULL),
(832, 4, '2025-12-20', '19:00:00', '20:00:00', 90000.00, 'tersedia', '2025-12-14 05:08:27', NULL),
(833, 4, '2025-12-20', '20:00:00', '21:00:00', 90000.00, 'tersedia', '2025-12-14 05:08:27', NULL),
(834, 4, '2025-12-20', '21:00:00', '22:00:00', 90000.00, 'tersedia', '2025-12-14 05:08:27', NULL),
(835, 5, '2025-12-20', '08:00:00', '09:00:00', 75000.00, 'tersedia', '2025-12-14 05:08:27', NULL),
(836, 5, '2025-12-20', '09:00:00', '10:00:00', 75000.00, 'tersedia', '2025-12-14 05:08:27', NULL),
(837, 5, '2025-12-20', '10:00:00', '11:00:00', 75000.00, 'tersedia', '2025-12-14 05:08:27', NULL),
(838, 5, '2025-12-20', '11:00:00', '12:00:00', 75000.00, 'tersedia', '2025-12-14 05:08:27', NULL),
(839, 5, '2025-12-20', '13:00:00', '14:00:00', 75000.00, 'tersedia', '2025-12-14 05:08:27', NULL),
(840, 5, '2025-12-20', '14:00:00', '15:00:00', 75000.00, 'tersedia', '2025-12-14 05:08:27', NULL),
(841, 5, '2025-12-20', '15:00:00', '16:00:00', 75000.00, 'tersedia', '2025-12-14 05:08:27', NULL),
(842, 5, '2025-12-20', '16:00:00', '17:00:00', 75000.00, 'tersedia', '2025-12-14 05:08:27', NULL),
(843, 5, '2025-12-20', '17:00:00', '18:00:00', 75000.00, 'tersedia', '2025-12-14 05:08:27', NULL),
(844, 5, '2025-12-20', '18:00:00', '19:00:00', 75000.00, 'tersedia', '2025-12-14 05:08:27', NULL),
(845, 5, '2025-12-20', '19:00:00', '20:00:00', 75000.00, 'tersedia', '2025-12-14 05:08:27', NULL),
(846, 5, '2025-12-20', '20:00:00', '21:00:00', 75000.00, 'tersedia', '2025-12-14 05:08:27', NULL),
(847, 5, '2025-12-20', '21:00:00', '22:00:00', 75000.00, 'tersedia', '2025-12-14 05:08:27', NULL),
(848, 6, '2025-12-20', '08:00:00', '09:00:00', 120000.00, 'tersedia', '2025-12-14 05:08:27', NULL),
(849, 6, '2025-12-20', '09:00:00', '10:00:00', 120000.00, 'tersedia', '2025-12-14 05:08:27', NULL),
(850, 6, '2025-12-20', '10:00:00', '11:00:00', 120000.00, 'tersedia', '2025-12-14 05:08:27', NULL),
(851, 6, '2025-12-20', '11:00:00', '12:00:00', 120000.00, 'tersedia', '2025-12-14 05:08:27', NULL),
(852, 6, '2025-12-20', '13:00:00', '14:00:00', 120000.00, 'tersedia', '2025-12-14 05:08:27', NULL),
(853, 6, '2025-12-20', '14:00:00', '15:00:00', 120000.00, 'tersedia', '2025-12-14 05:08:27', NULL),
(854, 6, '2025-12-20', '15:00:00', '16:00:00', 120000.00, 'tersedia', '2025-12-14 05:08:27', NULL),
(855, 6, '2025-12-20', '16:00:00', '17:00:00', 120000.00, 'tersedia', '2025-12-14 05:08:27', NULL),
(856, 6, '2025-12-20', '17:00:00', '18:00:00', 120000.00, 'tersedia', '2025-12-14 05:08:27', NULL),
(857, 6, '2025-12-20', '18:00:00', '19:00:00', 120000.00, 'tersedia', '2025-12-14 05:08:27', NULL),
(858, 6, '2025-12-20', '19:00:00', '20:00:00', 120000.00, 'tersedia', '2025-12-14 05:08:27', NULL),
(859, 6, '2025-12-20', '20:00:00', '21:00:00', 120000.00, 'tersedia', '2025-12-14 05:08:27', NULL),
(860, 6, '2025-12-20', '21:00:00', '22:00:00', 120000.00, 'tersedia', '2025-12-14 05:08:27', NULL),
(861, 7, '2025-12-20', '08:00:00', '09:00:00', 100000.00, 'tersedia', '2025-12-14 05:08:27', NULL),
(862, 7, '2025-12-20', '09:00:00', '10:00:00', 100000.00, 'tersedia', '2025-12-14 05:08:27', NULL),
(863, 7, '2025-12-20', '10:00:00', '11:00:00', 100000.00, 'tersedia', '2025-12-14 05:08:27', NULL),
(864, 7, '2025-12-20', '11:00:00', '12:00:00', 100000.00, 'tersedia', '2025-12-14 05:08:27', NULL),
(865, 7, '2025-12-20', '13:00:00', '14:00:00', 100000.00, 'tersedia', '2025-12-14 05:08:27', NULL),
(866, 7, '2025-12-20', '14:00:00', '15:00:00', 100000.00, 'tersedia', '2025-12-14 05:08:27', NULL),
(867, 7, '2025-12-20', '15:00:00', '16:00:00', 100000.00, 'tersedia', '2025-12-14 05:08:27', NULL),
(868, 7, '2025-12-20', '16:00:00', '17:00:00', 100000.00, 'tersedia', '2025-12-14 05:08:27', NULL),
(869, 7, '2025-12-20', '17:00:00', '18:00:00', 100000.00, 'tersedia', '2025-12-14 05:08:27', NULL),
(870, 7, '2025-12-20', '18:00:00', '19:00:00', 100000.00, 'tersedia', '2025-12-14 05:08:27', NULL),
(871, 7, '2025-12-20', '19:00:00', '20:00:00', 100000.00, 'tersedia', '2025-12-14 05:08:27', NULL),
(872, 7, '2025-12-20', '20:00:00', '21:00:00', 100000.00, 'tersedia', '2025-12-14 05:08:27', NULL),
(873, 7, '2025-12-20', '21:00:00', '22:00:00', 100000.00, 'tersedia', '2025-12-14 05:08:27', NULL),
(874, 8, '2025-12-20', '08:00:00', '09:00:00', 200000.00, 'tersedia', '2025-12-14 05:08:27', NULL),
(875, 8, '2025-12-20', '09:00:00', '10:00:00', 200000.00, 'tersedia', '2025-12-14 05:08:27', NULL),
(876, 8, '2025-12-20', '10:00:00', '11:00:00', 200000.00, 'tersedia', '2025-12-14 05:08:27', NULL),
(877, 8, '2025-12-20', '11:00:00', '12:00:00', 200000.00, 'tersedia', '2025-12-14 05:08:27', NULL),
(878, 8, '2025-12-20', '13:00:00', '14:00:00', 200000.00, 'tersedia', '2025-12-14 05:08:27', NULL),
(879, 8, '2025-12-20', '14:00:00', '15:00:00', 200000.00, 'tersedia', '2025-12-14 05:08:27', NULL),
(880, 8, '2025-12-20', '15:00:00', '16:00:00', 200000.00, 'tersedia', '2025-12-14 05:08:27', NULL),
(881, 8, '2025-12-20', '16:00:00', '17:00:00', 200000.00, 'tersedia', '2025-12-14 05:08:27', NULL),
(882, 8, '2025-12-20', '17:00:00', '18:00:00', 200000.00, 'tersedia', '2025-12-14 05:08:27', NULL),
(883, 8, '2025-12-20', '18:00:00', '19:00:00', 200000.00, 'tersedia', '2025-12-14 05:08:27', NULL),
(884, 8, '2025-12-20', '19:00:00', '20:00:00', 200000.00, 'tersedia', '2025-12-14 05:08:27', NULL),
(885, 8, '2025-12-20', '20:00:00', '21:00:00', 200000.00, 'tersedia', '2025-12-14 05:08:27', NULL),
(886, 8, '2025-12-20', '21:00:00', '22:00:00', 200000.00, 'tersedia', '2025-12-14 05:08:27', NULL),
(887, 9, '2025-12-20', '08:00:00', '09:00:00', 120000.00, 'tersedia', '2025-12-14 05:08:27', NULL),
(888, 9, '2025-12-20', '09:00:00', '10:00:00', 120000.00, 'tersedia', '2025-12-14 05:08:27', NULL),
(889, 9, '2025-12-20', '10:00:00', '11:00:00', 120000.00, 'tersedia', '2025-12-14 05:08:27', NULL),
(890, 9, '2025-12-20', '11:00:00', '12:00:00', 120000.00, 'tersedia', '2025-12-14 05:08:27', NULL),
(891, 9, '2025-12-20', '13:00:00', '14:00:00', 120000.00, 'tersedia', '2025-12-14 05:08:27', NULL),
(892, 9, '2025-12-20', '14:00:00', '15:00:00', 120000.00, 'tersedia', '2025-12-14 05:08:27', NULL),
(893, 9, '2025-12-20', '15:00:00', '16:00:00', 120000.00, 'tersedia', '2025-12-14 05:08:27', NULL),
(894, 9, '2025-12-20', '16:00:00', '17:00:00', 120000.00, 'tersedia', '2025-12-14 05:08:27', NULL),
(895, 9, '2025-12-20', '17:00:00', '18:00:00', 120000.00, 'tersedia', '2025-12-14 05:08:27', NULL),
(896, 9, '2025-12-20', '18:00:00', '19:00:00', 120000.00, 'tersedia', '2025-12-14 05:08:27', NULL),
(897, 9, '2025-12-20', '19:00:00', '20:00:00', 120000.00, 'tersedia', '2025-12-14 05:08:27', NULL),
(898, 9, '2025-12-20', '20:00:00', '21:00:00', 120000.00, 'tersedia', '2025-12-14 05:08:27', NULL),
(899, 9, '2025-12-20', '21:00:00', '22:00:00', 120000.00, 'tersedia', '2025-12-14 05:08:27', NULL),
(900, 10, '2025-12-20', '08:00:00', '09:00:00', 150000.00, 'tersedia', '2025-12-14 05:08:27', NULL),
(901, 10, '2025-12-20', '09:00:00', '10:00:00', 150000.00, 'tersedia', '2025-12-14 05:08:27', NULL),
(902, 10, '2025-12-20', '10:00:00', '11:00:00', 150000.00, 'tersedia', '2025-12-14 05:08:27', NULL),
(903, 10, '2025-12-20', '11:00:00', '12:00:00', 150000.00, 'tersedia', '2025-12-14 05:08:27', NULL),
(904, 10, '2025-12-20', '13:00:00', '14:00:00', 150000.00, 'tersedia', '2025-12-14 05:08:27', NULL),
(905, 10, '2025-12-20', '14:00:00', '15:00:00', 150000.00, 'tersedia', '2025-12-14 05:08:27', NULL),
(906, 10, '2025-12-20', '15:00:00', '16:00:00', 150000.00, 'tersedia', '2025-12-14 05:08:27', NULL),
(907, 10, '2025-12-20', '16:00:00', '17:00:00', 150000.00, 'tersedia', '2025-12-14 05:08:27', NULL),
(908, 10, '2025-12-20', '17:00:00', '18:00:00', 150000.00, 'tersedia', '2025-12-14 05:08:27', NULL),
(909, 10, '2025-12-20', '18:00:00', '19:00:00', 150000.00, 'tersedia', '2025-12-14 05:08:27', NULL),
(910, 10, '2025-12-20', '19:00:00', '20:00:00', 150000.00, 'tersedia', '2025-12-14 05:08:27', NULL),
(911, 10, '2025-12-20', '20:00:00', '21:00:00', 150000.00, 'tersedia', '2025-12-14 05:08:27', NULL),
(912, 10, '2025-12-20', '21:00:00', '22:00:00', 150000.00, 'tersedia', '2025-12-14 05:08:27', NULL);

-- --------------------------------------------------------

--
-- Table structure for table `lapangan`
--

CREATE TABLE `lapangan` (
  `id_lapangan` int(10) UNSIGNED NOT NULL,
  `nama_lapangan` varchar(100) NOT NULL,
  `tipe_lapangan` enum('Futsal','Badminton','Voli','Basket','Tennis') DEFAULT NULL,
  `harga_per_jam` decimal(10,2) NOT NULL DEFAULT 0.00,
  `deskripsi` text DEFAULT NULL,
  `status_lapangan` enum('aktif','tidak_aktif') DEFAULT 'aktif',
  `id_user` int(10) UNSIGNED NOT NULL,
  `created_at` timestamp NOT NULL DEFAULT current_timestamp(),
  `updated_at` timestamp NULL DEFAULT NULL ON UPDATE current_timestamp()
) ENGINE=InnoDB DEFAULT CHARSET=utf8mb4 COLLATE=utf8mb4_general_ci;

--
-- Dumping data for table `lapangan`
--

INSERT INTO `lapangan` (`id_lapangan`, `nama_lapangan`, `tipe_lapangan`, `harga_per_jam`, `deskripsi`, `status_lapangan`, `id_user`, `created_at`, `updated_at`) VALUES
(1, 'Lapangan Futsal A', 'Futsal', 150000.00, 'Lapangan futsal indoor dengan rumput sintetis baru, ukuran standar 25x15m', 'aktif', 1, '2024-12-15 08:20:00', NULL),
(2, 'Lapangan Futsal B', 'Futsal', 130000.00, 'Lapangan futsal indoor dengan rumput sintetis, ukuran standar', 'aktif', 1, '2024-12-15 08:25:00', NULL),
(3, 'Lapangan Badminton 1', 'Badminton', 80000.00, 'Lapangan badminton indoor dengan lantai vinyl, standar internasional', 'aktif', 1, '2024-12-15 08:30:00', NULL),
(4, 'Lapangan Badminton 2', 'Badminton', 90000.00, 'Lapangan badminton premium dengan AC dan pencahayaan LED', 'aktif', 1, '2024-12-15 08:35:00', NULL),
(5, 'Lapangan Badminton 3', 'Badminton', 75000.00, 'Lapangan badminton standar dengan lantai kayu', 'aktif', 1, '2024-12-15 08:40:00', NULL),
(6, 'Lapangan Voli Indoor', 'Voli', 120000.00, 'Lapangan voli indoor dengan permukaan kayu, standar nasional', 'aktif', 1, '2024-12-15 08:45:00', NULL),
(7, 'Lapangan Voli Outdoor', 'Voli', 100000.00, 'Lapangan voli outdoor dengan permukaan pasir halus', 'aktif', 1, '2024-12-15 08:50:00', NULL),
(8, 'Lapangan Futsal VIP', 'Futsal', 200000.00, 'Lapangan futsal premium dengan AC dan fasilitas lengkap', 'aktif', 1, '2024-12-15 08:55:00', NULL),
(9, 'Lapangan Badminton VIP', 'Badminton', 120000.00, 'Lapangan badminton VIP dengan fasilitas terbaik', 'aktif', 1, '2024-12-15 09:00:00', NULL),
(10, 'Lapangan Voli VIP', 'Voli', 150000.00, 'Lapangan voli indoor premium dengan standar pertandingan', 'aktif', 1, '2024-12-15 09:05:00', NULL);

-- --------------------------------------------------------

--
-- Table structure for table `log_update_mingguan`
--

CREATE TABLE `log_update_mingguan` (
  `id_log` int(10) UNSIGNED NOT NULL,
  `tanggal_update` date NOT NULL,
  `deskripsi` text DEFAULT NULL,
  `status` enum('success','failed') DEFAULT 'success',
  `created_at` timestamp NOT NULL DEFAULT current_timestamp()
) ENGINE=InnoDB DEFAULT CHARSET=utf8mb4 COLLATE=utf8mb4_general_ci;

-- --------------------------------------------------------

--
-- Table structure for table `payment_settings`
--

CREATE TABLE `payment_settings` (
  `id_setting` int(10) UNSIGNED NOT NULL,
  `setting_key` varchar(100) NOT NULL,
  `setting_value` text DEFAULT NULL,
  `description` varchar(255) DEFAULT NULL,
  `created_at` timestamp NOT NULL DEFAULT current_timestamp(),
  `updated_at` timestamp NULL DEFAULT NULL ON UPDATE current_timestamp()
) ENGINE=InnoDB DEFAULT CHARSET=utf8mb4 COLLATE=utf8mb4_general_ci;

--
-- Dumping data for table `payment_settings`
--

INSERT INTO `payment_settings` (`id_setting`, `setting_key`, `setting_value`, `description`, `created_at`, `updated_at`) VALUES
(1, 'dp_percentage', '50', 'Persentase DP default', '2025-12-14 03:03:46', NULL),
(2, 'payment_methods', 'qris', 'Metode pembayaran yang tersedia', '2025-12-14 03:03:46', NULL),
(3, 'qris_enabled', '1', 'Aktifkan QRIS payment', '2025-12-14 03:03:46', NULL),
(4, 'payment_expired_hours', '24', 'Waktu kadaluarsa pembayaran (jam)', '2025-12-14 03:03:46', NULL),
(5, 'dp_minimum_percent', '30', 'Minimum DP persentase', '2025-12-14 03:03:46', NULL),
(6, 'dp_maximum_percent', '80', 'Maximum DP persentase', '2025-12-14 03:03:46', NULL),
(7, 'qris_merchant_name', 'KSC Sport Center', 'Nama merchant QRIS', '2025-12-14 03:03:46', NULL),
(8, 'bank_account', '123-456-7890 (BCA)', 'Rekening bank untuk transfer', '2025-12-14 03:03:46', NULL);

-- --------------------------------------------------------

--
-- Table structure for table `pembayaran`
--

CREATE TABLE `pembayaran` (
  `id_pembayaran` int(10) UNSIGNED NOT NULL,
  `id_pemesanan` int(10) UNSIGNED NOT NULL,
  `tipe_pembayaran` enum('full','dp') DEFAULT 'full',
  `dp_percent` tinyint(3) UNSIGNED DEFAULT 0,
  `dp_amount` decimal(12,2) DEFAULT 0.00,
  `jumlah_bayar` decimal(12,2) NOT NULL,
  `sisa_tagihan` decimal(12,2) DEFAULT 0.00,
  `kode_pembayaran` varchar(50) DEFAULT NULL,
  `metode_bayar` enum('qris','transfer') DEFAULT 'qris',
  `payment_gateway` varchar(50) DEFAULT NULL,
  `external_id` varchar(100) DEFAULT NULL,
  `payment_url` text DEFAULT NULL,
  `expired_time` timestamp NULL DEFAULT NULL,
  `tanggal_bayar` timestamp NULL DEFAULT NULL,
  `status_bayar` enum('pending','lunas','dp_lunas','gagal','dibatalkan','expired') DEFAULT 'pending',
  `bukti_pembayaran` varchar(255) DEFAULT NULL,
  `qr_code` text DEFAULT NULL,
  `created_at` timestamp NOT NULL DEFAULT current_timestamp(),
  `updated_at` timestamp NULL DEFAULT NULL ON UPDATE current_timestamp()
) ENGINE=InnoDB DEFAULT CHARSET=utf8mb4 COLLATE=utf8mb4_general_ci;

--
-- Dumping data for table `pembayaran`
--

INSERT INTO `pembayaran` (`id_pembayaran`, `id_pemesanan`, `tipe_pembayaran`, `dp_percent`, `dp_amount`, `jumlah_bayar`, `sisa_tagihan`, `kode_pembayaran`, `metode_bayar`, `payment_gateway`, `external_id`, `payment_url`, `expired_time`, `tanggal_bayar`, `status_bayar`, `bukti_pembayaran`, `qr_code`, `created_at`, `updated_at`) VALUES
(1, 2, 'full', 0, 0.00, 195000.00, 0.00, 'PAY20251214105439334', 'qris', NULL, 'PAY_1765684479_2', 'http://localhost/ksc/payment.php?code=PAY20251214105439334', '2025-12-15 03:54:39', '2025-12-14 03:54:58', 'lunas', '693e35126d7b4_Adobe Express - file.png', 'data:image/png;base64,eyJib29raW5nX2lkIjoiMiIsImFtb3VudCI6IjE5NTAwMC4wMCIsIm1lcmNoYW50IjoiS1NDIFNwb3J0IENlbnRlciIsInRpbWVzdGFtcCI6MTc2NTY4NDQ3OH0=', '2025-12-14 03:54:39', '2025-12-14 03:54:58'),
(2, 3, 'full', 0, 0.00, 195000.00, 0.00, 'PAY20251214105559493', 'qris', NULL, 'PAY_1765684559_3', 'http://localhost/ksc/payment.php?code=PAY20251214105559493', '2025-12-15 03:55:59', '2025-12-14 03:56:14', 'lunas', '693e355e79142_download.jpg', 'data:image/png;base64,eyJib29raW5nX2lkIjoiMyIsImFtb3VudCI6IjE5NTAwMC4wMCIsIm1lcmNoYW50IjoiS1NDIFNwb3J0IENlbnRlciIsInRpbWVzdGFtcCI6MTc2NTY4NDU1OH0=', '2025-12-14 03:55:59', '2025-12-14 03:56:14'),
(3, 4, 'full', 0, 0.00, 195000.00, 0.00, 'PAY20251214105727945', 'qris', NULL, 'PAY_1765684647_4', 'http://localhost/ksc/payment.php?code=PAY20251214105727945', '2025-12-15 03:57:27', NULL, 'dibatalkan', NULL, 'data:image/png;base64,eyJib29raW5nX2lkIjoiNCIsImFtb3VudCI6IjE5NTAwMC4wMCIsIm1lcmNoYW50IjoiS1NDIFNwb3J0IENlbnRlciIsInRpbWVzdGFtcCI6MTc2NTY4NDY0Nn0=', '2025-12-14 03:57:27', '2025-12-14 05:40:24'),
(4, 5, 'dp', 50, 97500.00, 97500.00, 97500.00, 'PAY20251214124637697', 'qris', NULL, 'PAY_1765691197_5', 'http://localhost/ksc/payment.php?code=PAY20251214124637697', '2025-12-15 05:46:37', '2025-12-14 05:48:27', 'dp_lunas', '693e4fab019d2_Adobe Express - file (1).png', 'data:image/png;base64,eyJib29raW5nX2lkIjoiNSIsImFtb3VudCI6OTc1MDAsIm1lcmNoYW50IjoiS1NDIFNwb3J0IENlbnRlciIsInRpbWVzdGFtcCI6MTc2NTY5MTE5N30=', '2025-12-14 05:46:37', '2025-12-14 05:48:27'),
(5, 6, 'dp', 50, 97500.00, 97500.00, 97500.00, 'PAY20251214124915703', 'qris', NULL, 'PAY_1765691355_6', 'http://localhost/ksc/payment.php?code=PAY20251214124915703', '2025-12-15 05:49:15', '2025-12-14 05:49:28', 'dp_lunas', '693e4fe8a69f5_Adobe Express - file (1).png', 'data:image/png;base64,eyJib29raW5nX2lkIjoiNiIsImFtb3VudCI6OTc1MDAsIm1lcmNoYW50IjoiS1NDIFNwb3J0IENlbnRlciIsInRpbWVzdGFtcCI6MTc2NTY5MTM1NH0=', '2025-12-14 05:49:15', '2025-12-14 05:49:28');

-- --------------------------------------------------------

--
-- Table structure for table `pembayaran_history`
--

CREATE TABLE `pembayaran_history` (
  `id_history` int(10) UNSIGNED NOT NULL,
  `id_pembayaran` int(10) UNSIGNED NOT NULL,
  `jumlah_bayar` decimal(12,2) NOT NULL,
  `metode_bayar` varchar(50) DEFAULT NULL,
  `bukti_pembayaran` varchar(255) DEFAULT NULL,
  `catatan` text DEFAULT NULL,
  `created_at` timestamp NOT NULL DEFAULT current_timestamp()
) ENGINE=InnoDB DEFAULT CHARSET=utf8mb4 COLLATE=utf8mb4_general_ci;

--
-- Dumping data for table `pembayaran_history`
--

INSERT INTO `pembayaran_history` (`id_history`, `id_pembayaran`, `jumlah_bayar`, `metode_bayar`, `bukti_pembayaran`, `catatan`, `created_at`) VALUES
(1, 1, 195000.00, 'qris', NULL, 'Pembayaran Full dibuat', '2025-12-14 03:54:39'),
(2, 1, 195000.00, 'qris', '693e35126d7b4_Adobe Express - file.png', 'Pembayaran Full dilunasi', '2025-12-14 03:54:58'),
(3, 2, 195000.00, 'qris', NULL, 'Pembayaran Full dibuat', '2025-12-14 03:55:59'),
(4, 2, 195000.00, 'qris', '693e355e79142_download.jpg', 'Pembayaran Full dilunasi', '2025-12-14 03:56:14'),
(5, 3, 195000.00, 'qris', NULL, 'Pembayaran Full dibuat', '2025-12-14 03:57:27'),
(6, 4, 97500.00, 'qris', NULL, 'Pembayaran DP 50% dibuat', '2025-12-14 05:46:37'),
(7, 4, 97500.00, 'qris', '693e4fab019d2_Adobe Express - file (1).png', 'Pembayaran DP 50% dilunasi', '2025-12-14 05:48:27'),
(8, 5, 97500.00, 'qris', NULL, 'Pembayaran DP 50% dibuat', '2025-12-14 05:49:15'),
(9, 5, 97500.00, 'qris', '693e4fe8a69f5_Adobe Express - file (1).png', 'Pembayaran DP 50% dilunasi', '2025-12-14 05:49:28');

-- --------------------------------------------------------

--
-- Table structure for table `pemesanan`
--

CREATE TABLE `pemesanan` (
  `id_pemesanan` int(10) UNSIGNED NOT NULL,
  `id_user` int(10) UNSIGNED NOT NULL,
  `id_jadwal` int(10) UNSIGNED NOT NULL,
  `id_admin` int(10) UNSIGNED DEFAULT NULL,
  `tanggal_pesan` timestamp NOT NULL DEFAULT current_timestamp(),
  `total_harga` decimal(10,2) NOT NULL,
  `status_pemesanan` enum('menunggu','disetujui','ditolak','selesai','dibatalkan') DEFAULT 'menunggu',
  `catatan` text DEFAULT NULL,
  `cancel_reason` text DEFAULT NULL,
  `canceled_at` timestamp NULL DEFAULT NULL,
  `created_at` timestamp NOT NULL DEFAULT current_timestamp(),
  `updated_at` timestamp NULL DEFAULT NULL ON UPDATE current_timestamp()
) ENGINE=InnoDB DEFAULT CHARSET=utf8mb4 COLLATE=utf8mb4_general_ci;

--
-- Dumping data for table `pemesanan`
--

INSERT INTO `pemesanan` (`id_pemesanan`, `id_user`, `id_jadwal`, `id_admin`, `tanggal_pesan`, `total_harga`, `status_pemesanan`, `catatan`, `cancel_reason`, `canceled_at`, `created_at`, `updated_at`) VALUES
(2, 5, 1, NULL, '2025-12-14 03:54:38', 195000.00, 'disetujui', '', NULL, NULL, '2025-12-14 03:54:38', '2025-12-14 03:54:58'),
(3, 5, 2, NULL, '2025-12-14 03:55:58', 195000.00, 'disetujui', '', NULL, NULL, '2025-12-14 03:55:58', '2025-12-14 03:56:14'),
(4, 5, 3, NULL, '2025-12-14 03:57:26', 195000.00, 'dibatalkan', '', 'jadwal tidak sesuai', '2025-12-14 05:40:24', '2025-12-14 03:57:26', '2025-12-14 05:40:24'),
(5, 5, 3, NULL, '2025-12-14 05:46:37', 195000.00, 'disetujui', '', NULL, NULL, '2025-12-14 05:46:37', '2025-12-14 05:48:27'),
(6, 5, 4, NULL, '2025-12-14 05:49:14', 195000.00, 'disetujui', '', NULL, NULL, '2025-12-14 05:49:14', '2025-12-14 05:49:28');

-- --------------------------------------------------------

--
-- Table structure for table `template_jadwal`
--

CREATE TABLE `template_jadwal` (
  `id_template` int(10) UNSIGNED NOT NULL,
  `id_lapangan` int(10) UNSIGNED NOT NULL,
  `hari` enum('Senin','Selasa','Rabu','Kamis','Jumat','Sabtu','Minggu') NOT NULL,
  `jam_mulai` time NOT NULL,
  `jam_selesai` time NOT NULL,
  `harga` decimal(10,2) NOT NULL,
  `status_aktif` tinyint(1) DEFAULT 1,
  `created_at` timestamp NOT NULL DEFAULT current_timestamp(),
  `updated_at` timestamp NULL DEFAULT NULL ON UPDATE current_timestamp()
) ENGINE=InnoDB DEFAULT CHARSET=utf8mb4 COLLATE=utf8mb4_general_ci;

--
-- Dumping data for table `template_jadwal`
--

INSERT INTO `template_jadwal` (`id_template`, `id_lapangan`, `hari`, `jam_mulai`, `jam_selesai`, `harga`, `status_aktif`, `created_at`, `updated_at`) VALUES
(1, 1, 'Senin', '08:00:00', '09:00:00', 150000.00, 1, '2025-12-14 03:03:46', NULL),
(2, 1, 'Senin', '09:00:00', '10:00:00', 150000.00, 1, '2025-12-14 03:03:46', NULL),
(3, 1, 'Senin', '10:00:00', '11:00:00', 150000.00, 1, '2025-12-14 03:03:46', NULL),
(4, 1, 'Senin', '11:00:00', '12:00:00', 150000.00, 1, '2025-12-14 03:03:46', NULL),
(5, 1, 'Senin', '13:00:00', '14:00:00', 150000.00, 1, '2025-12-14 03:03:46', NULL),
(6, 1, 'Senin', '14:00:00', '15:00:00', 150000.00, 1, '2025-12-14 03:03:46', NULL),
(7, 1, 'Senin', '15:00:00', '16:00:00', 150000.00, 1, '2025-12-14 03:03:46', NULL),
(8, 1, 'Senin', '16:00:00', '17:00:00', 150000.00, 1, '2025-12-14 03:03:46', NULL),
(9, 1, 'Senin', '17:00:00', '18:00:00', 180000.00, 1, '2025-12-14 03:03:46', NULL),
(10, 1, 'Senin', '18:00:00', '19:00:00', 180000.00, 1, '2025-12-14 03:03:46', NULL),
(11, 1, 'Senin', '19:00:00', '20:00:00', 180000.00, 1, '2025-12-14 03:03:46', NULL),
(12, 1, 'Senin', '20:00:00', '21:00:00', 180000.00, 1, '2025-12-14 03:03:46', NULL),
(13, 1, 'Minggu', '08:00:00', '09:00:00', 195000.00, 1, '2025-12-14 03:03:52', NULL),
(14, 1, 'Minggu', '09:00:00', '10:00:00', 195000.00, 1, '2025-12-14 03:03:52', NULL),
(15, 1, 'Minggu', '10:00:00', '11:00:00', 195000.00, 1, '2025-12-14 03:03:52', NULL),
(16, 1, 'Minggu', '11:00:00', '12:00:00', 195000.00, 1, '2025-12-14 03:03:52', NULL),
(17, 1, 'Minggu', '12:00:00', '13:00:00', 195000.00, 1, '2025-12-14 03:03:52', NULL),
(18, 1, 'Minggu', '13:00:00', '14:00:00', 195000.00, 1, '2025-12-14 03:03:52', NULL),
(19, 1, 'Minggu', '14:00:00', '15:00:00', 195000.00, 1, '2025-12-14 03:03:52', NULL),
(20, 1, 'Minggu', '15:00:00', '16:00:00', 195000.00, 1, '2025-12-14 03:03:52', NULL),
(21, 1, 'Minggu', '16:00:00', '17:00:00', 195000.00, 1, '2025-12-14 03:03:52', NULL),
(22, 1, 'Minggu', '17:00:00', '18:00:00', 195000.00, 1, '2025-12-14 03:03:52', NULL),
(23, 1, 'Minggu', '18:00:00', '19:00:00', 225000.00, 1, '2025-12-14 03:03:52', NULL),
(24, 1, 'Minggu', '19:00:00', '20:00:00', 225000.00, 1, '2025-12-14 03:03:52', NULL),
(25, 1, 'Minggu', '20:00:00', '21:00:00', 225000.00, 1, '2025-12-14 03:03:52', NULL),
(26, 4, 'Senin', '08:00:00', '09:00:00', 90000.00, 1, '2025-12-14 03:04:01', NULL),
(27, 4, 'Senin', '09:00:00', '10:00:00', 90000.00, 1, '2025-12-14 03:04:01', NULL),
(28, 4, 'Senin', '10:00:00', '11:00:00', 90000.00, 1, '2025-12-14 03:04:01', NULL),
(29, 4, 'Senin', '11:00:00', '12:00:00', 90000.00, 1, '2025-12-14 03:04:01', NULL),
(30, 4, 'Senin', '12:00:00', '13:00:00', 90000.00, 1, '2025-12-14 03:04:01', NULL),
(31, 4, 'Senin', '13:00:00', '14:00:00', 90000.00, 1, '2025-12-14 03:04:01', NULL),
(32, 4, 'Senin', '14:00:00', '15:00:00', 90000.00, 1, '2025-12-14 03:04:01', NULL),
(33, 4, 'Senin', '15:00:00', '16:00:00', 90000.00, 1, '2025-12-14 03:04:01', NULL),
(34, 4, 'Senin', '16:00:00', '17:00:00', 90000.00, 1, '2025-12-14 03:04:01', NULL),
(35, 4, 'Senin', '17:00:00', '18:00:00', 90000.00, 1, '2025-12-14 03:04:01', NULL),
(36, 4, 'Senin', '18:00:00', '19:00:00', 108000.00, 1, '2025-12-14 03:04:01', NULL),
(37, 4, 'Senin', '19:00:00', '20:00:00', 108000.00, 1, '2025-12-14 03:04:01', NULL),
(38, 4, 'Senin', '20:00:00', '21:00:00', 108000.00, 1, '2025-12-14 03:04:01', NULL);

-- --------------------------------------------------------

--
-- Table structure for table `user`
--

CREATE TABLE `user` (
  `id_user` int(10) UNSIGNED NOT NULL,
  `nama` varchar(100) NOT NULL,
  `username` varchar(50) NOT NULL,
  `email` varchar(150) DEFAULT NULL,
  `no_hp` varchar(20) DEFAULT NULL,
  `password` varchar(255) NOT NULL,
  `role` enum('admin','penyewa') NOT NULL DEFAULT 'penyewa',
  `created_at` timestamp NOT NULL DEFAULT current_timestamp(),
  `updated_at` timestamp NULL DEFAULT NULL ON UPDATE current_timestamp()
) ENGINE=InnoDB DEFAULT CHARSET=utf8mb4 COLLATE=utf8mb4_general_ci;

--
-- Dumping data for table `user`
--

INSERT INTO `user` (`id_user`, `nama`, `username`, `email`, `no_hp`, `password`, `role`, `created_at`, `updated_at`) VALUES
(1, 'Administrator KSC', 'admin', 'admin@ksc.com', '081234567890', 'admin123', 'admin', '2024-12-15 08:00:00', NULL),
(3, 'Sari Dewi', 'sari_dewi', 'sari@email.com', '082233445566', 'sari123', 'penyewa', '2024-12-15 08:10:00', NULL),
(5, 'adadada', 'ada', 'ada@gmail.com', '0898388', 'aaaaaa', 'penyewa', '2025-12-14 03:15:32', '2025-12-14 05:41:24');

--
-- Indexes for dumped tables
--

--
-- Indexes for table `hari_libur`
--
ALTER TABLE `hari_libur`
  ADD PRIMARY KEY (`id_libur`),
  ADD UNIQUE KEY `tanggal` (`tanggal`);

--
-- Indexes for table `jadwal`
--
ALTER TABLE `jadwal`
  ADD PRIMARY KEY (`id_jadwal`),
  ADD UNIQUE KEY `unique_jadwal` (`id_lapangan`,`tanggal`,`jam_mulai`),
  ADD KEY `id_lapangan` (`id_lapangan`);

--
-- Indexes for table `lapangan`
--
ALTER TABLE `lapangan`
  ADD PRIMARY KEY (`id_lapangan`),
  ADD KEY `id_user` (`id_user`);

--
-- Indexes for table `log_update_mingguan`
--
ALTER TABLE `log_update_mingguan`
  ADD PRIMARY KEY (`id_log`);

--
-- Indexes for table `payment_settings`
--
ALTER TABLE `payment_settings`
  ADD PRIMARY KEY (`id_setting`),
  ADD UNIQUE KEY `setting_key` (`setting_key`);

--
-- Indexes for table `pembayaran`
--
ALTER TABLE `pembayaran`
  ADD PRIMARY KEY (`id_pembayaran`),
  ADD UNIQUE KEY `kode_pembayaran` (`kode_pembayaran`),
  ADD KEY `id_pemesanan` (`id_pemesanan`);

--
-- Indexes for table `pembayaran_history`
--
ALTER TABLE `pembayaran_history`
  ADD PRIMARY KEY (`id_history`),
  ADD KEY `id_pembayaran` (`id_pembayaran`);

--
-- Indexes for table `pemesanan`
--
ALTER TABLE `pemesanan`
  ADD PRIMARY KEY (`id_pemesanan`),
  ADD KEY `id_user` (`id_user`),
  ADD KEY `id_jadwal` (`id_jadwal`),
  ADD KEY `id_admin` (`id_admin`);

--
-- Indexes for table `template_jadwal`
--
ALTER TABLE `template_jadwal`
  ADD PRIMARY KEY (`id_template`),
  ADD UNIQUE KEY `unique_template` (`id_lapangan`,`hari`,`jam_mulai`),
  ADD KEY `id_lapangan` (`id_lapangan`);

--
-- Indexes for table `user`
--
ALTER TABLE `user`
  ADD PRIMARY KEY (`id_user`),
  ADD UNIQUE KEY `username` (`username`),
  ADD UNIQUE KEY `email` (`email`);

--
-- AUTO_INCREMENT for dumped tables
--

--
-- AUTO_INCREMENT for table `hari_libur`
--
ALTER TABLE `hari_libur`
  MODIFY `id_libur` int(10) UNSIGNED NOT NULL AUTO_INCREMENT, AUTO_INCREMENT=4;

--
-- AUTO_INCREMENT for table `jadwal`
--
ALTER TABLE `jadwal`
  MODIFY `id_jadwal` int(10) UNSIGNED NOT NULL AUTO_INCREMENT, AUTO_INCREMENT=913;

--
-- AUTO_INCREMENT for table `lapangan`
--
ALTER TABLE `lapangan`
  MODIFY `id_lapangan` int(10) UNSIGNED NOT NULL AUTO_INCREMENT, AUTO_INCREMENT=11;

--
-- AUTO_INCREMENT for table `log_update_mingguan`
--
ALTER TABLE `log_update_mingguan`
  MODIFY `id_log` int(10) UNSIGNED NOT NULL AUTO_INCREMENT;

--
-- AUTO_INCREMENT for table `payment_settings`
--
ALTER TABLE `payment_settings`
  MODIFY `id_setting` int(10) UNSIGNED NOT NULL AUTO_INCREMENT, AUTO_INCREMENT=9;

--
-- AUTO_INCREMENT for table `pembayaran`
--
ALTER TABLE `pembayaran`
  MODIFY `id_pembayaran` int(10) UNSIGNED NOT NULL AUTO_INCREMENT, AUTO_INCREMENT=6;

--
-- AUTO_INCREMENT for table `pembayaran_history`
--
ALTER TABLE `pembayaran_history`
  MODIFY `id_history` int(10) UNSIGNED NOT NULL AUTO_INCREMENT, AUTO_INCREMENT=10;

--
-- AUTO_INCREMENT for table `pemesanan`
--
ALTER TABLE `pemesanan`
  MODIFY `id_pemesanan` int(10) UNSIGNED NOT NULL AUTO_INCREMENT, AUTO_INCREMENT=7;

--
-- AUTO_INCREMENT for table `template_jadwal`
--
ALTER TABLE `template_jadwal`
  MODIFY `id_template` int(10) UNSIGNED NOT NULL AUTO_INCREMENT, AUTO_INCREMENT=39;

--
-- AUTO_INCREMENT for table `user`
--
ALTER TABLE `user`
  MODIFY `id_user` int(10) UNSIGNED NOT NULL AUTO_INCREMENT, AUTO_INCREMENT=6;

--
-- Constraints for dumped tables
--

--
-- Constraints for table `jadwal`
--
ALTER TABLE `jadwal`
  ADD CONSTRAINT `fk_jadwal_lapangan` FOREIGN KEY (`id_lapangan`) REFERENCES `lapangan` (`id_lapangan`) ON DELETE CASCADE ON UPDATE CASCADE;

--
-- Constraints for table `lapangan`
--
ALTER TABLE `lapangan`
  ADD CONSTRAINT `fk_lapangan_user` FOREIGN KEY (`id_user`) REFERENCES `user` (`id_user`) ON UPDATE CASCADE;

--
-- Constraints for table `pembayaran`
--
ALTER TABLE `pembayaran`
  ADD CONSTRAINT `fk_pembayaran_pemesanan` FOREIGN KEY (`id_pemesanan`) REFERENCES `pemesanan` (`id_pemesanan`) ON DELETE CASCADE ON UPDATE CASCADE;

--
-- Constraints for table `pembayaran_history`
--
ALTER TABLE `pembayaran_history`
  ADD CONSTRAINT `fk_pembayaran_history` FOREIGN KEY (`id_pembayaran`) REFERENCES `pembayaran` (`id_pembayaran`) ON DELETE CASCADE ON UPDATE CASCADE;

--
-- Constraints for table `pemesanan`
--
ALTER TABLE `pemesanan`
  ADD CONSTRAINT `fk_pemesanan_admin` FOREIGN KEY (`id_admin`) REFERENCES `user` (`id_user`) ON DELETE SET NULL ON UPDATE CASCADE,
  ADD CONSTRAINT `fk_pemesanan_jadwal` FOREIGN KEY (`id_jadwal`) REFERENCES `jadwal` (`id_jadwal`) ON UPDATE CASCADE,
  ADD CONSTRAINT `fk_pemesanan_user` FOREIGN KEY (`id_user`) REFERENCES `user` (`id_user`) ON DELETE CASCADE ON UPDATE CASCADE;

--
-- Constraints for table `template_jadwal`
--
ALTER TABLE `template_jadwal`
  ADD CONSTRAINT `fk_template_lapangan` FOREIGN KEY (`id_lapangan`) REFERENCES `lapangan` (`id_lapangan`) ON DELETE CASCADE ON UPDATE CASCADE;
COMMIT;

/*!40101 SET CHARACTER_SET_CLIENT=@OLD_CHARACTER_SET_CLIENT */;
/*!40101 SET CHARACTER_SET_RESULTS=@OLD_CHARACTER_SET_RESULTS */;
/*!40101 SET COLLATION_CONNECTION=@OLD_COLLATION_CONNECTION */;
